[{"id":"event_hell_altar","startTime":1760641200,"endTime":1762282800,"questID":"hell_altar","title":"It Hungers","description":"A strange altar appeared in the molten depths and should be investigated..."},{"id":"event_snail_friend","startTime":1762714800,"endTime":1794250800,"questID":"snail_friend","title":"Snailed It","description":"Slime-chic awaits."},{"id":"event_leave_review_button","startTime":1763665200,"endTime":2109870000,"questID":"leave_review","title":"N/A","description":"N/A"},{"id":"event_free_reward_lever","startTime":1763665200,"endTime":2109870000,"questID":"free_reward","title":"N/A","description":"N/A"},{"id":"event_halloween","startTime":1752784143,"endTime":1752784143,"title":"Halloween 2024","description":"Past event"},{"id":"event_thanksgiving","startTime":1752090088,"endTime":1752090088,"title":"Thanksgiving 2024","description":"Past event"},{"id":"event_snowstorm","startTime":1765274428,"endTime":1769990368,"title":"Snowstorm 2025","description":"Drop weapon item box from monsters"},{"id":"event_valentine","startTime":1752090088,"endTime":1752090088,"title":"Valentine 2025","description":"Past event"},{"id":"event_valentine_2026","startTime":1770750000,"endTime":1774983600,"questID":"kissy_fish","title":"You're All Heart","description":"Spread the love! Catch 3 Kissy Fish for a sweet and chocolatey look!"},{"id":"event_cny_2026","startTime":1771441200,"endTime":1774983600,"questID":"dragon_fish","title":"A Firey Spirit","description":"Legends speak of a majestic fish roaming the scorching depths... Can you catch it?"}]