{"upgrades":[{"id":"bp_1","priceResearch":1},{"id":"bp_10","priceResearch":5,"dependency":"bp_9"},{"id":"bp_11","priceResearch":5,"dependency":"bp_10"},{"id":"bp_12","priceResearch":5,"dependency":"bp_11"},{"id":"bp_13","priceResearch":5,"dependency":"bp_12"},{"id":"bp_14","priceResearch":5,"dependency":"bp_13"},{"id":"bp_15","priceResearch":5,"dependency":"bp_14"},{"id":"bp_16","priceResearch":5,"dependency":"bp_15"},{"id":"bp_17","priceResearch":5,"dependency":"bp_16"},{"id":"bp_18","priceResearch":5,"dependency":"bp_17"},{"id":"bp_2","priceResearch":3,"dependency":"bp_1"},{"id":"bp_3","priceResearch":5,"dependency":"bp_2"},{"id":"bp_4","priceResearch":5,"dependency":"bp_3"},{"id":"bp_5","priceResearch":5,"dependency":"bp_4"},{"id":"bp_6","priceResearch":5,"dependency":"bp_5"},{"id":"bp_7","priceResearch":5,"dependency":"bp_6"},{"id":"bp_8","priceResearch":5,"dependency":"bp_7"},{"id":"bp_9","priceResearch":5,"dependency":"bp_8"},{"id":"col_1"},{"id":"col_2","dependency":"col_1"},{"id":"col_3","priceSoft":500,"dependency":"col_2"},{"id":"col_4","priceSoft":5000,"dependency":"col_3"},{"id":"col_5","priceSoft":25000,"dependency":"col_4"},{"id":"col_6","priceSoft":100000,"dependency":"col_5"},{"id":"col_7","priceSoft":250000,"dependency":"col_6"},{"id":"col_8","priceSoft":500000,"dependency":"col_7"},{"id":"loadout_slot_1","priceResearch":1},{"id":"loadout_slot_2","priceResearch":2,"dependency":"loadout_slot_1"},{"id":"loadout_slot_3","priceResearch":3,"dependency":"loadout_slot_2"},{"id":"loadout_slot_4","priceResearch":4,"dependency":"loadout_slot_3"},{"id":"loadout_slot_5","priceResearch":5,"dependency":"loadout_slot_4"},{"id":"loadout_slot_6","priceResearch":5,"dependency":"loadout_slot_5"},{"id":"loadout_slot_7","priceResearch":5,"dependency":"loadout_slot_6"},{"id":"mtl_1"},{"id":"mtl_2","dependency":"mtl_1"},{"id":"mtl_3","priceSoft":500,"dependency":"mtl_2"},{"id":"mtl_4","priceSoft":5000,"dependency":"mtl_3"},{"id":"mtl_5","priceSoft":25000,"dependency":"mtl_4"},{"id":"mtl_6","priceSoft":100000,"dependency":"mtl_5"},{"id":"mtl_7","priceSoft":500000,"dependency":"mtl_6"},{"id":"mtl_8","priceSoft":1000000,"dependency":"mtl_7"},{"id":"row_1"},{"id":"row_2","dependency":"row_1"},{"id":"row_3","priceHard":250,"dependency":"row_2"},{"id":"row_4","priceHard":500,"dependency":"row_3"},{"id":"row_5","priceHard":750,"dependency":"row_4"},{"id":"row_6","priceHard":1000,"dependency":"row_5"},{"id":"row_7","priceHard":1500,"dependency":"row_6"},{"id":"row_8","priceHard":2000,"dependency":"row_7"}]}