[{"id":"item_ac_cola","netID":234,"name":"AC Cola","description":"Tastes just like the real thing.","category":"Loot","categoryV2":"Loot","price":9999,"value":32},{"id":"item_alphablade","netID":206,"name":"Alpha Blade","description":"Like the stars in the sky. Caution: Also as hot as them.","category":"Weapons","categoryV2":"Weapons","subcategoryV2":"Melee","price":2099,"value":89,"unlockPrice":5,"unlockable":3},{"id":"item_anti_gravity_grenade","netID":152,"name":"Anti Gravity Grenade","description":"Briefly disables gravity within a small area.","category":"Explosives","categoryV2":"Weapons","subcategoryV2":"Explosives","price":299,"value":23,"unlockPrice":3,"unlockable":2},{"id":"item_apple","netID":71,"name":"Apple","description":"An apple a day keeps the doctor away!","category":"Loot","categoryV2":"Loot","price":200,"value":7},{"id":"item_arena_pistol","netID":154,"name":"Pistol","description":"...","category":"Hidden","categoryV2":"Hidden","price":999},{"id":"item_arena_shotgun","netID":155,"name":"Shotgun","description":"...","category":"Hidden","categoryV2":"Hidden","price":999},{"id":"item_arrow","netID":103,"name":"Arrow","description":"Can be attached to the crossbow.","category":"Ammo","categoryV2":"Weapons","subcategoryV2":"Ammo","price":199,"value":8,"unlockPrice":1,"unlockable":2},{"id":"item_arrow_bomb","netID":173,"name":"Bomb Arrow","description":"An arrow with a bomb attached. Hit something with it and watch it explode.","category":"Ammo","categoryV2":"Weapons","subcategoryV2":"Ammo","price":299,"value":18,"unlockPrice":3,"unlockable":2},{"id":"item_arrow_heart","netID":116,"name":"Heart Arrow","description":"A love-themed arrow that will have your targets seeing hearts! ","category":"Ammo","categoryV2":"Weapons","subcategoryV2":"Ammo","price":199,"value":8,"isVariant":true,"unlockPrice":3,"unlockable":2,"unlockDeps":["item_arrow"]},{"id":"item_arrow_lightbulb","netID":105,"name":"Lightbulb Arrow","description":"An arrow that illuminates the surrounding area.","category":"Ammo","categoryV2":"Weapons","subcategoryV2":"Ammo","price":249,"value":10,"unlockPrice":3,"unlockable":2},{"id":"item_arrow_teleport","netID":174,"name":"Teleport Arrow","description":"Teleport more accurately with the precision of an arrow.","category":"Ammo","categoryV2":"Weapons","subcategoryV2":"Ammo","price":299,"value":19,"unlockPrice":3,"unlockable":2},{"id":"item_axe","netID":205,"name":"Chaos Axe","description":"Even gods falter before you.","category":"Weapons","categoryV2":"Weapons","subcategoryV2":"Melee","price":1499,"value":142,"unlockPrice":4,"unlockable":2},{"id":"item_backpack","netID":1,"name":"Backpack","description":"The perfect adventurers pack. Has a base capacity of 10 items.","category":"Bags","categoryV2":"Bags & Gadgets","subcategoryV2":"Bags","price":49,"value":2,"unlockPrice":2,"unlockable":2},{"id":"item_backpack_black","netID":2,"name":"Black Backpack","description":"The perfect adventurers pack. Has a base capacity of 10 items. Now in a stylish Black!","category":"Hidden","categoryV2":"Hidden","price":49,"value":2},{"id":"item_backpack_green","netID":3,"name":"Green Backpack","description":"The perfect adventurers pack. Has a base capacity of 10 items. Now in a stylish Green!","category":"Hidden","categoryV2":"Hidden","price":49,"value":2},{"id":"item_backpack_large_base","netID":88,"name":"Large Backpack","description":"A massive pack with an extended capacity. Has a base capacity of 20 items.","category":"Bags","categoryV2":"Bags & Gadgets","subcategoryV2":"Bags","price":299,"value":15,"unlockPrice":5,"unlockable":2},{"id":"item_backpack_large_basketball","netID":138,"name":"Large Basketball Print Backpack","description":"A massive pack with an extended capacity. Has a base capacity of 20 items.","category":"Bags","categoryV2":"Bags & Gadgets","subcategoryV2":"Bags","price":299,"value":15,"isVariant":true,"unlockPrice":3,"unlockable":2,"unlockDeps":["item_backpack_large_base"]},{"id":"item_backpack_large_clover","netID":137,"name":"Large Clover Print Backpack","description":"A massive pack with an extended capacity. Has a base capacity of 20 items.","category":"Bags","categoryV2":"Bags & Gadgets","subcategoryV2":"Bags","price":299,"value":15,"isVariant":true,"unlockPrice":3,"unlockable":2,"unlockDeps":["item_backpack_large_base"]},{"id":"item_backpack_pink","netID":4,"name":"Pink Backpack","description":"The perfect adventurers pack. Has a base capacity of 10 items. Now in a stylish Pink!","category":"Hidden","categoryV2":"Hidden","price":49,"value":2},{"id":"item_backpack_realistic","netID":250,"name":"R3@L 13ackp@ck","description":"Too cool for school?","category":"Hidden","categoryV2":"Hidden","price":1010,"value":22},{"id":"item_backpack_small_base","netID":87,"name":"Small Backpack","description":"Has a base capacity of 5 items.","category":"Bags","categoryV2":"Bags & Gadgets","subcategoryV2":"Bags","price":29,"value":1,"unlockable":1},{"id":"item_backpack_white","netID":5,"name":"White Backpack","description":"The perfect adventurers pack. Has a base capacity of 10 items. Now in a stylish White!","category":"Hidden","categoryV2":"Hidden","price":49,"value":2},{"id":"item_backpack_with_flashlight","netID":6,"name":"Backpack with Flashlight","description":"The perfect combination. Lights up dark hallways and has a base capacity of 10 items.","category":"Hidden","categoryV2":"Hidden","price":499,"value":35},{"id":"item_bait_beetle","netID":332,"name":"Beetle","description":"That insect bait looks so rock-hard even the fish would be like, \u201cYeah, no thanks.\u201d","category":"Loot","categoryV2":"Fishing","subcategoryV2":"Bait","price":5,"value":5,"clientVer":"1.60.0"},{"id":"item_bait_fly","netID":331,"name":"Fly","description":"It\u2019s tiny and looks totally useless - are there even fish out there who\u2019d be into this?","category":"Loot","categoryV2":"Fishing","subcategoryV2":"Bait","price":5,"value":5,"clientVer":"1.60.0"},{"id":"item_bait_glowworm","netID":375,"name":"Glow Worm","description":"Any sane fish would flee, but its glow is so intense you won't even need to watch your float.","category":"Loot","categoryV2":"Fishing","subcategoryV2":"Bait","price":110,"value":110,"clientVer":"1.61.0"},{"id":"item_bait_magmar_ball","netID":333,"name":"Magmar Ball","description":"Ordinary fish probably wouldn\u2019t even dare come close to it. Warning: extremely hot.","category":"Loot","categoryV2":"Fishing","subcategoryV2":"Bait","price":20,"value":20,"clientVer":"1.60.0"},{"id":"item_bait_mouse_trap","netID":334,"name":"Mouse Trap","description":"A mouse trap\u2026 or should we call this a fish trap?","category":"Loot","categoryV2":"Fishing","subcategoryV2":"Bait","price":25,"value":25,"clientVer":"1.60.0"},{"id":"item_bait_sardine","netID":335,"name":"Sardine","description":"A sardine turned into bait. Most fish pass it by\u2026 a few can\u2019t resist.","category":"Loot","categoryV2":"Fishing","subcategoryV2":"Bait","price":50,"value":50,"clientVer":"1.60.0"},{"id":"item_bait_shell","netID":336,"name":"Shell","description":"Just a shell. Looks useless to most fish\u2026 irresistible to the right kind.","category":"Loot","categoryV2":"Fishing","subcategoryV2":"Bait","price":10,"value":10,"clientVer":"1.60.0"},{"id":"item_bait_starfish","netID":337,"name":"Starfish","description":"A strangely cheerful starfish. Most fish stay away. A few are immediately intrigued.","category":"Loot","categoryV2":"Fishing","subcategoryV2":"Bait","price":25,"value":25,"clientVer":"1.60.0"},{"id":"item_bait_wallet","netID":338,"name":"Wallet","description":"A wallet as bait. Ordinary fish stay away. Money-loving ones swim right in.","category":"Loot","categoryV2":"Fishing","subcategoryV2":"Bait","price":100,"value":100,"clientVer":"1.60.0"},{"id":"item_balloon","netID":75,"name":"Balloon","description":"A tool that helps you defy gravity...but not too much.","category":"Toys","categoryV2":"Toys","subcategoryV2":"Misc","price":149,"value":12,"unlockPrice":3,"unlockable":2},{"id":"item_balloon_heart","netID":115,"name":"Heart Balloon","description":"Heart shaped balloon! For when love has you floating on air!","category":"Toys","categoryV2":"Toys","subcategoryV2":"Misc","price":149,"value":12,"isVariant":true,"unlockPrice":1,"unlockable":2,"unlockDeps":["item_balloon"]},{"id":"item_bamboo_fishing_rod","netID":326,"name":"Bamboo Fishing Rod","description":"Looks like trash, feels flimsy, but it\u2019s tougher than it looks and won\u2019t break - even in the worst hands.","category":"Gadgets","categoryV2":"Fishing","subcategoryV2":"FishingRod","clientVer":"1.60.0"},{"id":"item_banana","netID":23,"name":"Banana","description":"Go bananas! Turn this in for Nuts.","category":"Hidden","categoryV2":"Hidden","price":999,"value":25},{"id":"item_banana_chips","netID":204,"name":"Banana Chips","description":"A tasty snack. Contains 1% banana juice.","category":"Consumables","categoryV2":"Consumables","subcategoryV2":"Food","price":399,"value":10,"unlockPrice":2,"unlockable":2},{"id":"item_baseball_bat","netID":63,"name":"Baseball Bat","description":"A weapon that's great for hitting monsters out of the park.","category":"Weapons","categoryV2":"Weapons","subcategoryV2":"Melee","price":349,"value":19,"unlockPrice":1,"unlockable":2},{"id":"item_basic_fishing_rod","netID":327,"name":"Basic Fishing Rod","description":"A boring but reliable tool - no flair, no features, just sturdy enough to hold a fish if you manage to stay awake.","category":"Gadgets","categoryV2":"Fishing","subcategoryV2":"FishingRod","price":100,"clientVer":"1.60.0","unlockPrice":3000,"unlockable":3},{"id":"item_beans","netID":251,"name":"Can of Beans","description":"High in fiber.","category":"Consumables","categoryV2":"Consumables","subcategoryV2":"Food","price":599,"value":12,"unlockPrice":3,"unlockable":2},{"id":"item_big_cup","netID":38,"name":"Big Cup","description":"Much more valuable than a little cup. Turn it in for Nuts.","category":"Loot","categoryV2":"Loot","price":999,"value":35},{"id":"item_bighead_larva","netID":202,"name":"BigHead Larva","description":"Wiggling larva. Eating it does... nothing? Probably.","category":"Loot","categoryV2":"Loot","price":299,"value":18},{"id":"item_bloodlust_vial","netID":211,"name":"Bloodlust Vial","description":"Drink it for speed and lightness on your feet.","category":"Loot","categoryV2":"Loot","price":9999,"value":42},{"id":"item_boombox","netID":7,"name":"Boombox","description":"Carry this device around for vibes on the go!","category":"Loot","categoryV2":"Loot","price":564,"value":3},{"id":"item_boombox_fishing","netID":359,"name":"Fishing Boombox","description":"For a good ol' time with the bois.","category":"Toys","categoryV2":"Toys","subcategoryV2":"Misc","price":567,"value":5,"isNew":true,"clientVer":"1.60.0","unlockPrice":3,"unlockable":2},{"id":"item_boombox_neon","netID":153,"name":"Neon Boombox","description":"Carry this device around for vibes on the go!","category":"Toys","categoryV2":"Toys","subcategoryV2":"Instruments","price":564,"value":3},{"id":"item_boomerang","netID":196,"name":"Boomerang","description":"Always comes back. Maybe.","category":"Weapons","categoryV2":"Weapons","subcategoryV2":"Projectile","price":499,"value":20,"unlockPrice":2,"unlockable":2},{"id":"item_box_fan","netID":122,"name":"Box Fan","description":"It blows air.","category":"Gadgets","categoryV2":"Bags & Gadgets","subcategoryV2":"Movement","price":999,"value":36,"unlockPrice":3,"unlockable":2},{"id":"item_brain_chunk","netID":178,"name":"Brain Matter","description":"A chunk of hyper intelligence.","category":"Loot","categoryV2":"Loot","price":9999,"value":512},{"id":"item_broccoli_grenade","netID":165,"name":"Mega Broccoli Bomb","description":"A dangerous-looking vegetable...bomb.","category":"Consumables","categoryV2":"Consumables","subcategoryV2":"Sus","price":999,"value":40,"unlockPrice":5,"unlockable":2},{"id":"item_broccoli_shrink_grenade","netID":166,"name":"Micro Broccoli Bomb","description":"A dangerous-looking vegetable...bomb.","category":"Consumables","categoryV2":"Consumables","subcategoryV2":"Sus","price":999,"value":40,"unlockPrice":5,"unlockable":2},{"id":"item_broom","netID":254,"name":"Broom","description":"Hop on and hold tight. Sweeps you off your feet.","category":"Gadgets","categoryV2":"Bags & Gadgets","subcategoryV2":"Movement","price":999,"value":42,"unlockPrice":5,"unlockable":3},{"id":"item_broom_halloween","netID":255,"name":"Wicked Broom","description":"Classic ride, now bewitched. Hop on and cackle through the night.","category":"Loot","categoryV2":"Loot","price":9999,"value":66},{"id":"item_bubble_gun","netID":324,"name":"Bubble Gun","category":"Toys","categoryV2":"Toys","subcategoryV2":"Misc","price":899,"value":22,"clientVer":"1.58.0","unlockPrice":3,"unlockable":2},{"id":"item_burrito","netID":253,"name":"Burrito","description":"Eat burrito, become torpedo.","category":"Consumables","categoryV2":"Consumables","subcategoryV2":"Food","price":149,"value":6,"unlockPrice":1,"unlockable":2},{"id":"item_butcherpipe","netID":319,"name":"Butcher Pipe","description":"A plumber's best friend, and a trusty partner for makeshift self-defense.","category":"Weapons","categoryV2":"Weapons","subcategoryV2":"Melee","price":499,"value":28,"clientVer":"1.57.0","unlockPrice":2,"unlockable":2},{"id":"item_butcherspear","netID":321,"name":"Butcher Spear","description":"A bloody themed spear. Appears to have already seen some action.","category":"Weapons","categoryV2":"Weapons","subcategoryV2":"Melee","price":499,"value":34,"clientVer":"1.57.0","unlockPrice":2,"unlockable":2},{"id":"item_butchersword","netID":320,"name":"Butcher Sword","description":"Each strike fuels its hunger for fresh meat!","category":"Weapons","categoryV2":"Weapons","subcategoryV2":"Melee","price":999,"value":20,"clientVer":"1.57.0","unlockPrice":5,"unlockable":2},{"id":"item_calculator","netID":126,"name":"Calculator","description":"Helpful for number crunching","category":"Loot","categoryV2":"Loot","price":999,"value":32},{"id":"item_cardboard_box","netID":145,"name":"Cardboard Box","description":"A box. You get this sudden urge to hide inside it.","category":"Gadgets","categoryV2":"Bags & Gadgets","subcategoryV2":"Recon","price":499,"value":20,"unlockPrice":3,"unlockable":2},{"id":"item_cardboard_dragon_body","netID":383,"name":"Cardboard Dragon Body","description":"Celebration is at hand with this majestic piece of cardboard.","category":"Gadgets","categoryV2":"Bags & Gadgets","subcategoryV2":"Recon","price":499,"value":20,"isNew":true,"clientVer":"1.61.0","unlockPrice":1,"unlockable":2},{"id":"item_cardboard_dragon_head","netID":382,"name":"Cardboard Dragon Head","description":"Celebration is at hand with this majestic piece of cardboard.","category":"Gadgets","categoryV2":"Bags & Gadgets","subcategoryV2":"Recon","price":999,"value":30,"isNew":true,"clientVer":"1.61.0","unlockPrice":1,"unlockable":2},{"id":"item_ceo_plaque","netID":179,"name":"CEO Plaque","description":"This belongs to the big man upstairs.","category":"Loot","categoryV2":"Loot","price":9999,"value":306},{"id":"item_chakra","netID":377,"name":"Chakra","description":"Display elegance with a flurry of blades.","category":"Weapons","categoryV2":"Weapons","subcategoryV2":"Melee","price":3999,"value":70,"isNew":true,"clientVer":"1.61.0","unlockPrice":4,"unlockable":2},{"id":"item_clapper","netID":78,"name":"Clapper","description":"Lights, camera, action!","category":"Toys","categoryV2":"Toys","subcategoryV2":"Misc","price":99,"value":1,"unlockPrice":1,"unlockable":2},{"id":"item_cluster_grenade","netID":80,"name":"Cluster Grenade","description":"One grenade, multiple explosions. It\u2019s like a fireworks show but with more danger.","category":"Explosives","categoryV2":"Weapons","subcategoryV2":"Explosives","price":599,"value":14,"unlockPrice":3,"unlockable":2},{"id":"item_coconut_shell","netID":233,"name":"Coconut Shell","description":"Clank them around as if you are a knight riding a horse.","category":"Loot","categoryV2":"Loot","price":9999,"value":13},{"id":"item_cola","netID":25,"name":"Cola","description":"Bubbly sugar water. Turn this in for Nuts.","category":"Hidden","categoryV2":"Hidden","price":999,"value":27},{"id":"item_cola_large","netID":26,"name":"Large Cola","description":"The regular size cola wasn't enough. Turn this in for Nuts.","category":"Hidden","categoryV2":"Hidden","price":999,"value":49},{"id":"item_company_ration","netID":67,"name":"Company Ration","description":"Experimental sustenance. Eat for a boost in productivity. May have side effects.","category":"Consumables","categoryV2":"Consumables","subcategoryV2":"Food","price":219,"value":17,"unlockPrice":1,"unlockable":2},{"id":"item_company_ration_heal","netID":121,"name":"Company Ration","description":"Optimized for survival. Contents undisclosed.","category":"Consumables","categoryV2":"Consumables","subcategoryV2":"Food","price":219,"value":17},{"id":"item_cracker","netID":72,"name":"Cracker","description":"Some dry biscuits that would pair well with soup.","category":"Loot","categoryV2":"Loot","price":200,"value":4},{"id":"item_crate","netID":8,"name":"Crate","description":"Turn this in for Nuts.","category":"Loot","categoryV2":"Loot","price":6000,"value":500},{"id":"item_crossbow","netID":9,"name":"Crossbow","description":"Attach almost anything and launch to create improvised weapons.","category":"Weapons","categoryV2":"Weapons","subcategoryV2":"Projectile","price":1499,"value":47,"unlockPrice":3,"unlockable":2},{"id":"item_crossbow_heart","netID":117,"name":"Heart Crossbow","description":"A love-themed crossbow...because nothing says romance like a high-velocity declaration of love!","category":"Weapons","categoryV2":"Weapons","subcategoryV2":"Projectile","price":1499,"value":47,"isVariant":true,"unlockPrice":4,"unlockable":2,"unlockDeps":["item_crossbow"]},{"id":"item_crowbar","netID":10,"name":"Crowbar","description":"A versatile tool for smashing things and fighting monsters.","category":"Weapons","categoryV2":"Weapons","subcategoryV2":"Melee","price":399,"value":23,"unlockPrice":1,"unlockable":2},{"id":"item_cubetrident","netID":317,"name":"Cube Trident","description":"You can almost feel the ocean when touching it... A pixelated one, anyway.","category":"Weapons","categoryV2":"Weapons","subcategoryV2":"Melee","price":1499,"value":39,"clientVer":"1.56.0","unlockPrice":4,"unlockable":2},{"id":"item_cutie_dead","netID":193,"name":"AN152 Dead Body","description":"Still kinda cute.","category":"Loot","categoryV2":"Loot","price":9999,"value":266},{"id":"item_d20","netID":180,"name":"D20","description":"A 20 sided die.","category":"Loot","categoryV2":"Loot","price":9999,"value":64},{"id":"item_demon_sword","netID":238,"name":"Demon Sword","description":"The eye seems to follow you everywhere...judging you.","category":"Hidden","categoryV2":"Hidden","price":9999,"value":15},{"id":"item_disc","netID":127,"name":"DVD","description":"May or may not contain a ripped copy of ROTK.","category":"Loot","categoryV2":"Loot","price":1499,"value":100},{"id":"item_disposable_camera","netID":11,"name":"Disposable Camera","description":"A digital camera. Take pictures of monsters and sell the camera for profit.","category":"Gadgets","categoryV2":"Bags & Gadgets","subcategoryV2":"Tech","price":199,"value":3,"unlockPrice":1,"unlockable":2},{"id":"item_dragons_claw","netID":381,"name":"Dragon's Claw","description":"For when your fists aren't sharp enough.","category":"Weapons","categoryV2":"Weapons","subcategoryV2":"Melee","price":999,"value":22,"isNew":true,"clientVer":"1.61.0","unlockPrice":3,"unlockable":2},{"id":"item_drill","netID":176,"name":"BFD9000","description":"When pickaxes aren't enough, you bring the BFD.","category":"Weapons","categoryV2":"Weapons","subcategoryV2":"Melee","price":1999,"value":122,"unlockPrice":4,"unlockable":2},{"id":"item_drill_neon","netID":201,"name":"BFD9000-N","description":"When pickaxes aren't enough, you bring the BFD-N.","category":"Weapons","categoryV2":"Weapons","subcategoryV2":"Melee","price":1999,"value":122,"isVariant":true,"unlockPrice":5,"unlockable":3},{"id":"item_dynamite","netID":83,"name":"Dynamite","description":"For when subtlety just isn't an option. Light the fuse and throw!","category":"Explosives","categoryV2":"Weapons","subcategoryV2":"Explosives","price":249,"value":21,"unlockPrice":1,"unlockable":2},{"id":"item_dynamite_cube","netID":143,"name":"Cube Dynamite","description":"For when subtlety just isn't an option. Light the fuse and throw!","category":"Explosives","categoryV2":"Weapons","subcategoryV2":"Explosives","price":249,"value":21,"isVariant":true,"unlockPrice":3,"unlockable":2,"unlockDeps":["item_dynamite"]},{"id":"item_egg","netID":27,"name":"Egg","description":"Beware its mother. Turn this in for Nuts.","category":"Hidden","categoryV2":"Hidden","price":4999,"value":399},{"id":"item_electrical_tape","netID":181,"name":"Electrical Tape","description":"Electrically resistant tape.","category":"Loot","categoryV2":"Loot","price":9999,"value":48},{"id":"item_eraser","netID":182,"name":"Eraser","description":"Used to erase your mistakes.","category":"Loot","categoryV2":"Loot","price":9999,"value":100},{"id":"item_film_reel","netID":276,"name":"Film Reel","description":"Popcorn not included.","category":"Hidden","categoryV2":"Hidden","price":1,"clientVer":"1.53.0"},{"id":"item_finger_board","netID":183,"name":"Finger Board","description":"Great for impressing your friends.","category":"Loot","categoryV2":"Loot","price":9999,"value":165},{"id":"item_fish_boomfish","netID":342,"name":"Boomfish","description":"Handle with care. This fish has a very short fuse and a bad temper.","category":"Loot","categoryV2":"Fishing","subcategoryV2":"Fish","price":2700,"value":2200,"clientVer":"1.60.0"},{"id":"item_fish_boot","netID":343,"name":"Boot","description":"A useless old boot. Who even wears these in the water?","category":"Loot","categoryV2":"Fishing","subcategoryV2":"Fish","price":50,"value":30,"clientVer":"1.60.0"},{"id":"item_fish_bottled_message","netID":344,"name":"Bottled Message","description":"Contains cryptic hints...","category":"Loot","categoryV2":"Fishing","subcategoryV2":"Fish","price":180,"value":120,"clientVer":"1.60.0"},{"id":"item_fish_carp","netID":345,"name":"Carp","description":"A standard fish. It\u2019s not great, but it\u2019s honest work.","category":"Loot","categoryV2":"Fishing","subcategoryV2":"Fish","price":70,"value":50,"clientVer":"1.60.0"},{"id":"item_fish_chewna","netID":369,"name":"Chewna","description":"Have you ever seen such a creature? You can almost feel the radiation in your hands.","category":"Loot","categoryV2":"Fishing","subcategoryV2":"Fish","price":430,"value":330,"clientVer":"1.61.0"},{"id":"item_fish_clam_hookshot","netID":346,"name":"Clam Hookshot","description":"A living clam that functions as a hookshot. Snappy and useful!","category":"Gadgets","categoryV2":"Bags & Gadgets","subcategoryV2":"Movement","price":2999,"value":59,"isNew":true,"clientVer":"1.60.0","unlockPrice":5,"unlockable":2},{"id":"item_fish_crappie","netID":347,"name":"Crappie","description":"The most common fish. It looks a bit disappointed in you.","category":"Loot","categoryV2":"Fishing","subcategoryV2":"Fish","price":70,"value":50,"clientVer":"1.60.0"},{"id":"item_fish_crispie","netID":364,"name":"Crispie","description":"It's kinda crunchy in the hand... It's warm too \u2014 not painful though.","category":"Loot","categoryV2":"Fishing","subcategoryV2":"Fish","price":190,"value":180,"clientVer":"1.61.0"},{"id":"item_fish_diamond_jade_koi","netID":348,"name":"Diamond Jade Koi","description":"The ultimate catch. Studded with diamonds and glowing with luxury.","category":"Loot","categoryV2":"Fishing","subcategoryV2":"Fish","price":4000,"value":3500,"clientVer":"1.60.0"},{"id":"item_fish_dollar_bill","netID":349,"name":"Dollar Bill","description":"A fish wearing money as fashion. It thinks it's a high-roller.","category":"Loot","categoryV2":"Fishing","subcategoryV2":"Fish","price":180,"value":120,"clientVer":"1.60.0"},{"id":"item_fish_dragonfish","netID":372,"name":"Dragon Fish","description":"Legend has it that once a year, this legendary fish emerges to roam the molten seas.","category":"Loot","categoryV2":"Fishing","subcategoryV2":"Fish","price":4000,"value":3000,"clientVer":"1.61.0"},{"id":"item_fish_fishsword","netID":350,"name":"Fishsword","description":"A razor-sharp fish. Don't grab the wrong end of this \"weapon.\"","category":"Weapons","categoryV2":"Weapons","subcategoryV2":"Melee","price":1999,"value":122,"isNew":true,"clientVer":"1.60.0","unlockPrice":5,"unlockable":2},{"id":"item_fish_gold_fish","netID":351,"name":"Gold Fish","description":"It sparkles brilliantly! Disclaimer: Not actually made of real gold.","category":"Loot","categoryV2":"Fishing","subcategoryV2":"Fish","price":180,"value":120,"clientVer":"1.60.0"},{"id":"item_fish_hydracarp","netID":370,"name":"Hydracarp","description":"One to be a killer, who will unleash bubbles. One to be a monarch, whose crown will drown them. One to be wild, who can't remember more than three seconds.","category":"Loot","categoryV2":"Fishing","subcategoryV2":"Fish","price":450,"value":350,"clientVer":"1.61.0"},{"id":"item_fish_kissy","netID":360,"name":"Kissy","description":"Smack smack smack...","category":"Loot","categoryV2":"Fishing","subcategoryV2":"Fish","price":450,"value":350,"clientVer":"1.60.0"},{"id":"item_fish_license_plate","netID":352,"name":"License Plate","description":"A rusty plate. Wait... did I need a license to fish here?","category":"Loot","categoryV2":"Fishing","subcategoryV2":"Fish","price":50,"value":30,"clientVer":"1.60.0"},{"id":"item_fish_magma_carp","netID":371,"name":"Magma Carp","description":"This guy smells like charcoal and smokes like a BBQ.","category":"Loot","categoryV2":"Fishing","subcategoryV2":"Fish","price":200,"value":150,"clientVer":"1.61.0"},{"id":"item_fish_nebula_fish","netID":374,"name":"Nebula","description":"Looking at this fish... you see the fabric of the universe \u2014 swimming its way into all organic life.","category":"Loot","categoryV2":"Fishing","subcategoryV2":"Fish","price":4150,"value":3050,"clientVer":"1.62.0"},{"id":"item_fish_nutfish","netID":353,"name":"Nutfish","description":"Looks like a literal nut. Use this to fix your broken machinery.","category":"Loot","categoryV2":"Fishing","subcategoryV2":"Fish","price":450,"value":350,"clientVer":"1.60.0"},{"id":"item_fish_rainbow_trout","netID":373,"name":"Rainbow Trout","description":"EVERY COLOUR OF THE RAINBOW! LET IT RAIN!","category":"Loot","categoryV2":"Fishing","subcategoryV2":"Fish","price":4300,"value":3400,"clientVer":"1.62.0"},{"id":"item_fish_rotten_fish","netID":354,"name":"Rotten Fish","description":"Stinks like a corpse. Legend says Megalodon likes this kind of thing.","category":"Loot","categoryV2":"Fishing","subcategoryV2":"Fish","price":100,"value":50,"clientVer":"1.60.0"},{"id":"item_fish_salmon","netID":355,"name":"Salmon","description":"A healthy jumper. Tastes much better than it looks.","category":"Loot","categoryV2":"Fishing","subcategoryV2":"Fish","price":180,"value":120,"clientVer":"1.60.0"},{"id":"item_fish_salmonster","netID":366,"name":"Salmonster","description":"SNIFF SNIFF. SNIFF SNIFF. It's trying to smell you... Weird...","category":"Loot","categoryV2":"Fishing","subcategoryV2":"Fish","price":2500,"value":1600,"clientVer":"1.61.0"},{"id":"item_fish_scaldfish","netID":368,"name":"Scaldfish","description":"This little fellow is hot, hot, hot in the hands! Ouch, don't hold it for too long!","category":"Loot","categoryV2":"Fishing","subcategoryV2":"Fish","price":2200,"value":1500,"clientVer":"1.61.0"},{"id":"item_fish_seamine","netID":356,"name":"Seamine","description":"IT'S GOING TO EXPLODE! RUN! Or sell it if you're brave.","category":"Loot","categoryV2":"Fishing","subcategoryV2":"Fish","price":200,"value":150,"clientVer":"1.60.0"},{"id":"item_fish_shellfish_shield","netID":357,"name":"Shellfish Shield","description":"A sturdy shield made of some fishes. You can definitely block with this.","category":"Weapons","categoryV2":"Weapons","subcategoryV2":"Melee","price":1399,"value":129,"isNew":true,"clientVer":"1.60.0","unlockPrice":2,"unlockable":2},{"id":"item_fish_spicy_salmon","netID":365,"name":"Spicy Salmon","description":"Mmm, it's a spicy boi \u2014 and don't rub your eyes until you wash your hands!","category":"Loot","categoryV2":"Fishing","subcategoryV2":"Fish","price":500,"value":430,"clientVer":"1.61.0"},{"id":"item_fish_tuna","netID":358,"name":"Tuna","description":"A massive fish. It looks like it took a wrong turn from the ocean.","category":"Loot","categoryV2":"Fishing","subcategoryV2":"Fish","price":220,"value":150,"clientVer":"1.60.0"},{"id":"item_fish_yellowcake","netID":367,"name":"Yellowcake","description":"His eyes look like he's seen things. That's gotta suck with eight eyes.","category":"Loot","categoryV2":"Fishing","subcategoryV2":"Fish","price":210,"value":140,"clientVer":"1.61.0"},{"id":"item_fishing_terminal_bait_button","netID":339,"name":"Fishing Terminal Bait Button","description":"Weird button... where should id put in?","category":"Loot","categoryV2":"Loot","price":9999999,"value":10,"clientVer":"1.60.0"},{"id":"item_flamethrower","netID":275,"name":"Flamethrower","description":"Flaming hot!","category":"Explosives","categoryV2":"Weapons","subcategoryV2":"Explosives","price":19999,"value":117,"clientVer":"1.50.0","unlockPrice":5,"unlockable":2},{"id":"item_flamethrower_skull","netID":210,"name":"Flamethrower Skull","description":"A skull that throws flames.","category":"Loot","categoryV2":"Loot","price":19999,"value":999},{"id":"item_flamethrower_skull_ruby","netID":232,"name":"Ruby Flamethrower Skull","description":"A skull that throws flames. Super Rare.","category":"Loot","categoryV2":"Loot","price":19999,"value":1000},{"id":"item_flaregun","netID":12,"name":"Flaregun","description":"Fires a single use flare that lights up the environment and stuns enemies caught in the explosion.","category":"Weapons","categoryV2":"Weapons","subcategoryV2":"Projectile","price":199,"value":20,"unlockPrice":1,"unlockable":2},{"id":"item_flashbang","netID":13,"name":"Flashbang","description":"Blind and deafen your enemies with an explosion and flash of bright light!","category":"Explosives","categoryV2":"Weapons","subcategoryV2":"Explosives","price":99,"value":10,"unlockPrice":1,"unlockable":2},{"id":"item_flashlight","netID":14,"name":"Flashlight","description":"Perfect for lighting up spooky corridors and ominous caverns.","category":"Gadgets","categoryV2":"Bags & Gadgets","subcategoryV2":"Lights","price":49,"value":4,"unlockable":1},{"id":"item_flashlight_mega","netID":15,"name":"Mega Flashlight","description":"Flood the room with light. World's brightest flashlight.","category":"Gadgets","categoryV2":"Bags & Gadgets","subcategoryV2":"Lights","price":999,"value":35,"unlockPrice":3,"unlockable":2},{"id":"item_flashlight_red","netID":55,"name":"Red Flashlight","description":"Perfect for lighting up spooky corridors and ominous caverns. Now in red!","category":"Loot","categoryV2":"Loot","price":69,"value":5},{"id":"item_flipflop_realistic","netID":244,"name":"R3@L $@nda1","description":"How would you even wear this?","category":"Hidden","categoryV2":"Hidden","price":1010,"value":17},{"id":"item_floppy3","netID":128,"name":"Floppy Disc","description":"A relic of a bygone era.","category":"Loot","categoryV2":"Loot","price":999,"value":64},{"id":"item_floppy5","netID":129,"name":"Floppy Disc","description":"A relic of a bygone era.","category":"Loot","categoryV2":"Loot","price":999,"value":64},{"id":"item_football","netID":62,"name":"Football","description":"For throwing, catching, and sometimes bonking someone on the head.","category":"Toys","categoryV2":"Toys","subcategoryV2":"Misc","price":99,"value":11,"unlockPrice":1,"unlockable":2},{"id":"item_friend_launcher","netID":191,"name":"Friend Launcher","description":"Convince your friend to grab on. Then charge it up and launch them.","category":"Gadgets","categoryV2":"Bags & Gadgets","subcategoryV2":"Movement","price":699,"value":36,"unlockPrice":3,"unlockable":2},{"id":"item_frying_pan","netID":64,"name":"Frying Pan","description":"A weapon that's good for cooking eggs and cracking skulls.","category":"Weapons","categoryV2":"Weapons","subcategoryV2":"Melee","price":399,"value":23,"unlockPrice":1,"unlockable":2},{"id":"item_gameboy","netID":184,"name":"Game Box","description":"Can play the latest games.","category":"Loot","categoryV2":"Loot","price":11988,"value":999},{"id":"item_glowstick","netID":79,"name":"Glowstick","description":"Produces a bright yellow light and is unaffected by gravity. Makes your hand feel fuzzy when held.","category":"Gadgets","categoryV2":"Bags & Gadgets","subcategoryV2":"Lights","price":99,"value":15,"unlockPrice":1,"unlockable":2},{"id":"item_goldbar","netID":28,"name":"Gold Bar","description":"Valuable metal. Turn this in for Nuts.","category":"Hidden","categoryV2":"Hidden","price":1860,"value":155},{"id":"item_goldcoin","netID":185,"name":"Golden Coin","description":"A relic of a bygone era.","category":"Loot","categoryV2":"Loot","price":9999,"value":503},{"id":"item_goop","netID":194,"name":"Goop","description":"Do not swallow. It takes 7 years to digest.","category":"Toys","categoryV2":"Construction","subcategoryV2":"Materials","price":999,"value":12,"unlockPrice":5,"unlockable":2},{"id":"item_goopfish","netID":195,"name":"Goopfish","category":"Loot","categoryV2":"Loot","price":9999,"value":51},{"id":"item_great_sword","netID":235,"name":"Great Sword","description":"Each strike fuels its crimson fury.","category":"Weapons","categoryV2":"Weapons","subcategoryV2":"Melee","price":799,"value":15,"unlockPrice":3,"unlockable":2},{"id":"item_grenade","netID":16,"name":"Impact Grenade","description":"A grenade that explodes on contact with any surface","category":"Explosives","categoryV2":"Weapons","subcategoryV2":"Explosives","price":249,"value":19,"unlockPrice":1,"unlockable":2},{"id":"item_grenade_gold","netID":177,"name":"Golden Grenade","description":"A grenade that is gold!","category":"Explosives","categoryV2":"Weapons","subcategoryV2":"Explosives","price":449,"value":33,"isVariant":true,"unlockPrice":5,"unlockable":3},{"id":"item_grenade_launcher","netID":192,"name":"Grenade Launcher","description":"Loads up to 3 grenades of different types.","category":"Weapons","categoryV2":"Weapons","subcategoryV2":"Projectile","price":8999,"value":301,"unlockPrice":4,"unlockable":2},{"id":"item_guided_boomerang","netID":200,"name":"Guided Boomerang","description":"Up to 3 targets!","category":"Weapons","categoryV2":"Weapons","subcategoryV2":"Projectile","price":899,"unlockPrice":3,"unlockable":2},{"id":"item_hammer_candy_cane","netID":313,"name":"Candy Cane Hammer","description":"A candy themed hammer","category":"Weapons","categoryV2":"Weapons","subcategoryV2":"Melee","price":699,"value":39,"isVariant":true,"clientVer":"1.54.0","unlockPrice":2,"unlockable":3},{"id":"item_harddrive","netID":186,"name":"Encrypted Data","description":"Highly sensitive data. Worth a lot to the right buyer.","category":"Loot","categoryV2":"Loot","price":9999,"value":780},{"id":"item_hatchet","netID":236,"name":"Hatchet","description":"A simple tool, effective at chopping wood and bones.","category":"Weapons","categoryV2":"Weapons","subcategoryV2":"Melee","price":449,"value":25,"unlockPrice":1,"unlockable":2},{"id":"item_hawaiian_drum","netID":159,"name":"Hawaiian Drums","description":"Form a drum circle and improve your wellbeing with some rhythm. Heals nearby players when played.","category":"Toys","categoryV2":"Toys","subcategoryV2":"Instruments","price":999,"value":42,"unlockPrice":2,"unlockable":2},{"id":"item_heart_chunk","netID":48,"name":"Heart Chunk","description":"Turn this in for Nuts.","category":"Loot","categoryV2":"Loot","price":1999,"value":135},{"id":"item_heart_gun","netID":54,"name":"Heart Gun","description":"Experimental Technology. Can suck entities in or repel them.","category":"Weapons","categoryV2":"Weapons","subcategoryV2":"Projectile","price":1999,"value":34,"unlockPrice":5,"unlockable":2},{"id":"item_heartchocolatebox","netID":114,"name":"Heart Chocolate Box","description":"Happy Valentine's Day! Gift this to someone sweet or eat it yourself!","category":"Loot","categoryV2":"Loot","price":200,"value":14},{"id":"item_hh_key","netID":29,"name":"Haunted House Key","description":"Unlocks a spooky door. Can be turned in for nuts.","category":"Hidden","categoryV2":"Hidden","price":2400,"value":200},{"id":"item_hookshot","netID":82,"name":"Hookshot","description":"A fancy, over-engineered grappling hook device.","category":"Gadgets","categoryV2":"Bags & Gadgets","subcategoryV2":"Movement","price":1999,"value":29,"unlockPrice":5,"unlockable":2},{"id":"item_hookshot_sword","netID":160,"name":"Yeetblade","description":"Fifty percent hook, fifty percent blade, hundred percent awesome.","category":"Gadgets","categoryV2":"Bags & Gadgets","subcategoryV2":"Movement","price":2999,"value":198,"unlockPrice":5,"unlockable":2},{"id":"item_hot_cocoa","netID":296,"name":"Hot Chocolate","description":"Chocolate that is hot.","category":"Consumables","categoryV2":"Consumables","subcategoryV2":"Food","price":299,"value":8,"clientVer":"1.53.0","unlockPrice":1,"unlockable":2},{"id":"item_hoverpad","netID":30,"name":"Hoverpad","description":"Activate to propel against the ground.","category":"Gadgets","categoryV2":"Bags & Gadgets","subcategoryV2":"Movement","price":4000,"value":230,"unlockPrice":5,"unlockable":2},{"id":"item_impulse_grenade","netID":89,"name":"Impulse Grenade","description":"Throw it and watch everyone around you get yeeted.","category":"Explosives","categoryV2":"Weapons","subcategoryV2":"Explosives","price":299,"value":22,"unlockPrice":3,"unlockable":2},{"id":"item_jetpack","netID":17,"name":"Jetpack","description":"Activate and hold on to fly into the sky.","category":"Gadgets","categoryV2":"Bags & Gadgets","subcategoryV2":"Movement","price":121,"value":11,"unlockPrice":1,"unlockable":2},{"id":"item_joystick","netID":277,"name":"Joystick","description":"Take control. Feel the joy.","category":"Gadgets","categoryV2":"Construction","subcategoryV2":"Gadgets","price":799,"value":6,"clientVer":"1.51.0","unlockPrice":3,"unlockable":2},{"id":"item_joystick_inv_y","netID":278,"name":"Joystick (Inversed Y)","description":"Take control. Feel the joy. Now inverted!","category":"Gadgets","categoryV2":"Construction","subcategoryV2":"Gadgets","price":799,"value":6,"clientVer":"1.51.0","unlockPrice":3,"unlockable":2},{"id":"item_keycard","netID":125,"name":"Keycard","description":"An employee keycard. It can be used to activate Canopy equipment.\n\n","category":"Loot","categoryV2":"Loot","price":1188,"value":99},{"id":"item_lance","netID":74,"name":"Lance","description":"A huge lance letting you attack from a distance.","category":"Weapons","categoryV2":"Weapons","subcategoryV2":"Melee","price":499,"value":24,"unlockPrice":1,"unlockable":2},{"id":"item_landmine","netID":156,"name":"Landmine","description":"Buried surprises are the best kind. For you, not for them.","category":"Hidden","categoryV2":"Hidden","price":228,"value":19},{"id":"item_landmine_bee","netID":380,"name":"Bee Mine","description":"Love Hurts. So does this.","category":"Explosives","categoryV2":"Weapons","subcategoryV2":"Explosives","price":1999,"value":42,"isNew":true,"clientVer":"1.61.0","unlockPrice":3,"unlockable":3},{"id":"item_lantern_cny","netID":379,"name":"Lantern","description":"Every lantern lit is a wish given wings.","category":"Gadgets","categoryV2":"Bags & Gadgets","subcategoryV2":"Lights","price":299,"value":17,"isNew":true,"clientVer":"1.61.0","unlockPrice":2,"unlockable":2},{"id":"item_large_banana","netID":24,"name":"Large Banana","description":"Probably grown from a larger tree. Turn this in for Nuts.","category":"Hidden","categoryV2":"Hidden","price":999,"value":44},{"id":"item_lava_fishing_rod","netID":328,"name":"Lava Fishing Rod","description":"A normal rod that fell into a volcano - great for magma fishing and heat-loving locals, but don\u2019t expect it to chill your drink.","category":"Gadgets","categoryV2":"Fishing","subcategoryV2":"FishingRod","price":2000,"clientVer":"1.61.0","unlockPrice":45000,"unlockable":3},{"id":"item_love_grenade","netID":361,"name":"Love Bomb","description":"Love is a battlefield, and you\u2019re winning.","category":"Explosives","categoryV2":"Weapons","subcategoryV2":"Explosives","price":399,"value":14,"isNew":true,"clientVer":"1.60.0","unlockPrice":3,"unlockable":3},{"id":"item_megaphone","netID":212,"name":"Megaphone","description":"Use when you need some volume.","category":"Toys","categoryV2":"Toys","subcategoryV2":"Misc","price":999,"value":83,"unlockPrice":3,"unlockable":2},{"id":"item_metal_ball","netID":285,"name":"Metal Ball","description":"It\u2019s a sphere. It\u2019s metal. That\u2019s it.","category":"Toys","categoryV2":"Construction","subcategoryV2":"Materials","price":499,"value":23,"clientVer":"1.51.0","unlockPrice":1,"unlockable":2},{"id":"item_metal_ball_xmas","netID":307,"name":"Peppermint Ball","description":"It's a sphere. Jingle jingle.","category":"Toys","categoryV2":"Construction","subcategoryV2":"Materials","price":499,"value":23,"clientVer":"1.54.0","unlockPrice":1,"unlockable":2},{"id":"item_metal_plate","netID":286,"name":"Metal Plate","description":"Marvel at its flatness.","category":"Toys","categoryV2":"Construction","subcategoryV2":"Materials","price":1999,"value":39,"clientVer":"1.51.0","unlockPrice":1,"unlockable":2},{"id":"item_metal_plate_xmas","netID":308,"name":"Festive Plate","description":"Coated in icing!","category":"Toys","categoryV2":"Construction","subcategoryV2":"Materials","price":1999,"value":39,"clientVer":"1.54.0","unlockPrice":1,"unlockable":2},{"id":"item_metal_rod","netID":287,"name":"Metal Rod","description":"A rod. It's metal. Do with it what you will.","category":"Toys","categoryV2":"Construction","subcategoryV2":"Materials","price":699,"value":28,"clientVer":"1.51.0","unlockPrice":1,"unlockable":2},{"id":"item_metal_rod_xmas","netID":309,"name":"Candy Cane Rod","description":"Looks tasty, but you shouldn't lick it.","category":"Toys","categoryV2":"Construction","subcategoryV2":"Materials","price":699,"value":28,"clientVer":"1.54.0","unlockPrice":1,"unlockable":2},{"id":"item_metal_triangle","netID":288,"name":"Metal Triangle","description":"Definitely a triangle.","category":"Toys","categoryV2":"Construction","subcategoryV2":"Materials","price":999,"value":26,"clientVer":"1.51.0","unlockPrice":1,"unlockable":2},{"id":"item_momboss_box","netID":269,"name":"Mom Box","description":"A box of memories with Mom. What\u2019s inside?","category":"Loot","categoryV2":"Loot","price":9999,"value":26,"clientVer":"1.49.0"},{"id":"item_moneygun","netID":256,"name":"Money Gun","description":"Make it rain","category":"Toys","categoryV2":"Toys","subcategoryV2":"Misc","price":1999,"value":30,"unlockPrice":5,"unlockable":2},{"id":"item_mountain_key","netID":297,"name":"Mountain Key","description":"Used to unlock the path to the frozen vault.","category":"Hidden","categoryV2":"Hidden","price":9999,"value":100,"clientVer":"1.53.0"},{"id":"item_mug","netID":130,"name":"Mug","description":"A simple mug.","category":"Loot","categoryV2":"Loot","price":999,"value":24},{"id":"item_needle","netID":259,"name":"Large Needle","description":"Very pointy. Good for stabbing bugs.","category":"Weapons","categoryV2":"Weapons","subcategoryV2":"Melee","price":599,"value":13,"unlockPrice":3,"unlockable":2},{"id":"item_nut","netID":31,"name":"Nut","description":"Currency...the economy is nuts.","category":"Loot","categoryV2":"Loot","price":1068,"value":89},{"id":"item_nut_drop","netID":148,"name":"Nut Drop","description":"Currency...the economy is nuts.","category":"Loot","categoryV2":"Loot","price":9999,"value":1},{"id":"item_ogre_hands","netID":66,"name":"Ogre Hands","description":"Green and mean, perfect for SMASHING enemies.","category":"Weapons","categoryV2":"Weapons","subcategoryV2":"Melee","price":349,"value":21,"unlockPrice":3,"unlockable":2},{"id":"item_ore_copper_l","netID":95,"name":"Large Copper Chunk","description":"A conductive metal. Turn this in for Nuts.","category":"Loot","categoryV2":"Loot","price":999,"value":45},{"id":"item_ore_copper_m","netID":94,"name":"Copper Chunk","description":"A conductive metal. Turn this in for Nuts.","category":"Loot","categoryV2":"Loot","price":999,"value":32},{"id":"item_ore_copper_s","netID":93,"name":"Small Copper Chunk","description":"A conductive metal. Turn this in for Nuts.","category":"Loot","categoryV2":"Loot","price":999,"value":23},{"id":"item_ore_gold_l","netID":101,"name":"Large Gold Chunk","description":"Valuable metal. Turn this in for Nuts.","category":"Loot","categoryV2":"Loot","price":1999,"value":165},{"id":"item_ore_gold_m","netID":100,"name":"Gold Chunk","description":"Valuable metal. Turn this in for Nuts.","category":"Loot","categoryV2":"Loot","price":1299,"value":89},{"id":"item_ore_gold_s","netID":99,"name":"Small Gold Chunk","description":"Valuable metal. Turn this in for Nuts.","category":"Loot","categoryV2":"Loot","price":999,"value":45},{"id":"item_ore_hell","netID":113,"name":"Cinder","description":"It's warm to the touch.","category":"Loot","categoryV2":"Loot","price":6000,"value":500},{"id":"item_ore_silver_l","netID":98,"name":"Large Silver Chunk","description":"Shiny. Turn this in for Nuts.","category":"Loot","categoryV2":"Loot","price":999,"value":75},{"id":"item_ore_silver_m","netID":97,"name":"Small Silver Chunk","description":"Shiny. Turn this in for Nuts.","category":"Loot","categoryV2":"Loot","price":999,"value":55},{"id":"item_ore_silver_s","netID":96,"name":"Silver Chunk","description":"Shiny. Turn this in for Nuts.","category":"Loot","categoryV2":"Loot","price":999,"value":25},{"id":"item_painting_canvas","netID":52,"name":"Painting Canvas","description":"A priceless worth of art...turn it in for some Nuts.","category":"Loot","categoryV2":"Loot","price":999,"value":66},{"id":"item_paperpack","netID":131,"name":"Paper","description":"The finest paper straight from Pennsylvania","category":"Loot","categoryV2":"Loot","price":1699,"value":112},{"id":"item_pelican_case","netID":32,"name":"Black Crate","description":"Turn this in for Nuts.","category":"Loot","categoryV2":"Loot","price":21600,"value":1800},{"id":"item_pickaxe","netID":65,"name":"Pickaxe","description":"The only weapon that's equally good at both mining and maiming.","category":"Weapons","categoryV2":"Weapons","subcategoryV2":"Melee","price":499,"value":27,"unlockPrice":1,"unlockable":2},{"id":"item_pickaxe_cny","netID":108,"name":"Gilded Pickaxe","description":"The only weapon that's equally good at both mining and maiming, but this one is gold plated. Gold is always better, no?","category":"Weapons","categoryV2":"Weapons","subcategoryV2":"Melee","price":499,"value":27,"isVariant":true,"unlockPrice":3,"unlockable":2,"unlockDeps":["item_pickaxe"]},{"id":"item_pickaxe_cube","netID":142,"name":"Cube Pickaxe","description":"The only weapon that's equally good at both mining and maiming.","category":"Weapons","categoryV2":"Weapons","subcategoryV2":"Melee","price":499,"value":27,"isVariant":true,"unlockPrice":3,"unlockable":2,"unlockDeps":["item_pickaxe"]},{"id":"item_pickaxe_realistic","netID":237,"name":"R3@L P!ck@x=","description":"Every fiber of your being screams that it can't exist here. And yet, here it is.","category":"Weapons","categoryV2":"Weapons","subcategoryV2":"Melee","price":1010,"value":36},{"id":"item_pinata_bat","netID":151,"name":"Pinata Bat","description":"A festive bat, perfect for smashing monsters like candy-filled pi\u00f1atas.","category":"Weapons","categoryV2":"Weapons","subcategoryV2":"Melee","price":349,"value":19,"isVariant":true,"unlockPrice":3,"unlockable":2,"unlockDeps":["item_baseball_bat"]},{"id":"item_pineapple","netID":257,"name":"Pineapple","description":"Taste the Adventure","category":"Consumables","categoryV2":"Consumables","subcategoryV2":"Food","price":300,"value":8},{"id":"item_pipe","netID":33,"name":"Pipe","description":"A versatile tool for smashing things and a plumber's best friend.","category":"Loot","categoryV2":"Loot","price":1300,"value":105},{"id":"item_pistol_dragon","netID":270,"name":"Dragon Pistol","description":"Pew Pew.","category":"Weapons","categoryV2":"Weapons","subcategoryV2":"Projectile","price":4999,"value":267,"clientVer":"1.50.0","unlockPrice":5,"unlockable":3},{"id":"item_plank","netID":283,"name":"Plank","description":"Straight. Flat. Wood. Revolutionary.","category":"Toys","categoryV2":"Construction","subcategoryV2":"Materials","price":99,"value":3,"clientVer":"1.51.0","unlockPrice":1,"unlockable":2},{"id":"item_plunger","netID":34,"name":"Plunger","description":"Push against a wall to activate suction. Can be used to climb almost any surface.","category":"Gadgets","categoryV2":"Bags & Gadgets","subcategoryV2":"Movement","price":350,"value":75,"unlockPrice":1,"unlockable":2},{"id":"item_pogostick","netID":35,"name":"Pogostick","description":"Boing boing boing.","category":"Toys","categoryV2":"Toys","subcategoryV2":"Misc","price":1500,"value":44,"unlockPrice":3,"unlockable":2},{"id":"item_police_baton","netID":124,"name":"Police Baton (Crowbar)","description":"A crowbar variant. A versatile tool for smashing things and catching bad animals.","category":"Weapons","categoryV2":"Weapons","subcategoryV2":"Melee","price":399,"value":23,"isVariant":true,"unlockPrice":3,"unlockable":2,"unlockDeps":["item_crowbar"]},{"id":"item_popcorn","netID":268,"name":"Popcorn","description":"Corn that is popped.","category":"Hidden","categoryV2":"Hidden","price":9999,"value":1,"clientVer":"1.48.0"},{"id":"item_portable_teleporter","netID":175,"name":"Portable Teleporter","description":"Activate it to teleport back to the lobby","category":"Gadgets","categoryV2":"Bags & Gadgets","subcategoryV2":"Movement","price":2999,"value":195,"unlockPrice":3,"unlockable":2},{"id":"item_prop_scanner","netID":252,"name":"Prop Scanner","description":"Scan something, become something.","category":"Gadgets","categoryV2":"Bags & Gadgets","subcategoryV2":"Tech","price":1999,"value":84,"unlockPrice":5,"unlockable":2},{"id":"item_pumpkin_bomb","netID":239,"name":"Pumpkin Bomb","description":"This mischievous pumpkin loves to run. Then explode.","category":"Explosives","categoryV2":"Weapons","subcategoryV2":"Explosives","price":499,"value":29,"unlockPrice":5,"unlockable":3},{"id":"item_pumpkin_pie","netID":73,"name":"Pumpkin Pie","description":"A not-so-fresh pie that expired last Thanksgiving.","category":"Loot","categoryV2":"Loot","price":200,"value":5},{"id":"item_pumpkinjack","netID":56,"name":"Pumpkin Jack","description":"The perfect combo of Halloween spirit and spooky energy.","category":"Hidden","categoryV2":"Hidden","price":2000,"value":37},{"id":"item_pumpkinjack_small","netID":57,"name":"Small Pumpkin Jack","description":"Halloween spirit and spooky energy, now fun-sized.","category":"Hidden","categoryV2":"Hidden","price":700,"value":14},{"id":"item_quest_gy_skull","netID":208,"name":"Skull","description":"Cranium.","category":"Loot","categoryV2":"Loot","price":9999,"value":55},{"id":"item_quest_gy_skull_special","netID":209,"name":"Jeweled Skull","description":"Used to summon a terrible monster.","category":"Loot","categoryV2":"Loot","price":9999,"value":599},{"id":"item_quest_hlal_brain","netID":242,"name":"Brain","description":"Leaking genius, or possibly goo...","category":"Hidden","categoryV2":"Hidden","price":9999},{"id":"item_quest_hlal_eyeball","netID":243,"name":"Eyeball","description":"Doesn\u2019t blink...","category":"Hidden","categoryV2":"Hidden","price":9999},{"id":"item_quest_hlal_flesh","netID":241,"name":"Flesh","description":"Still warm. Probably fine...","category":"Hidden","categoryV2":"Hidden","price":9999},{"id":"item_quest_hlal_heart","netID":240,"name":"Heart","description":"Not the emoji kind...","category":"Hidden","categoryV2":"Hidden","price":9999},{"id":"item_quest_key_graveyard","netID":207,"name":"Graveyard Key","description":"Unlocks something in the graveyard.","category":"Loot","categoryV2":"Loot","price":9999,"value":24},{"id":"item_quest_vhs","netID":199,"name":"VHS","description":"What is this ancient technology?","category":"Hidden","categoryV2":"Hidden"},{"id":"item_quest_vhs_backlots","netID":213,"name":"VHS Backlots","description":"What is this ancient technology?","category":"Hidden","categoryV2":"Hidden","price":9999},{"id":"item_quest_vhs_basement","netID":214,"name":"VHS Basement","description":"What is this ancient technology?","category":"Hidden","categoryV2":"Hidden","price":9999},{"id":"item_quest_vhs_cave","netID":215,"name":"VHS Cave","description":"What is this ancient technology?","category":"Hidden","categoryV2":"Hidden","price":9999},{"id":"item_quest_vhs_circus_day","netID":249,"name":"VHS Daycare","description":"What is this ancient technology?","category":"Hidden","categoryV2":"Hidden","price":9999},{"id":"item_quest_vhs_circus_ext","netID":247,"name":"VHS Circus","description":"What is this ancient technology?","category":"Hidden","categoryV2":"Hidden","price":9999},{"id":"item_quest_vhs_circus_fac","netID":248,"name":"VHS School","description":"What is this ancient technology?","category":"Hidden","categoryV2":"Hidden","price":9999},{"id":"item_quest_vhs_dam_facility","netID":216,"name":"VHS Dam Facility","description":"What is this ancient technology?","category":"Hidden","categoryV2":"Hidden","price":9999},{"id":"item_quest_vhs_dam_servers","netID":217,"name":"VHS Dam Servers","description":"What is this ancient technology?","category":"Hidden","categoryV2":"Hidden","price":9999},{"id":"item_quest_vhs_dark_forest","netID":218,"name":"VHS Dark Forest","description":"What is this ancient technology?","category":"Hidden","categoryV2":"Hidden","price":9999},{"id":"item_quest_vhs_forest","netID":219,"name":"VHS Forest","description":"What is this ancient technology?","category":"Hidden","categoryV2":"Hidden","price":9999},{"id":"item_quest_vhs_foundation","netID":220,"name":"VHS Foundation","description":"What is this ancient technology?","category":"Hidden","categoryV2":"Hidden","price":9999},{"id":"item_quest_vhs_graveyard","netID":221,"name":"VHS Graveyard","description":"What is this ancient technology?","category":"Hidden","categoryV2":"Hidden","price":9999},{"id":"item_quest_vhs_haunted_house","netID":222,"name":"VHS Haunted House","description":"What is this ancient technology?","category":"Hidden","categoryV2":"Hidden","price":9999},{"id":"item_quest_vhs_hell","netID":223,"name":"VHS Hell","description":"What is this ancient technology?","category":"Hidden","categoryV2":"Hidden","price":9999},{"id":"item_quest_vhs_lab","netID":224,"name":"VHS Lab","description":"What is this ancient technology?","category":"Hidden","categoryV2":"Hidden","price":9999},{"id":"item_quest_vhs_lake","netID":225,"name":"VHS Lake","description":"What is this ancient technology?","category":"Hidden","categoryV2":"Hidden","price":9999},{"id":"item_quest_vhs_lobby","netID":226,"name":"VHS Lobby","description":"What is this ancient technology?","category":"Hidden","categoryV2":"Hidden","price":9999},{"id":"item_quest_vhs_megalodon","netID":362,"name":"VHS Megalodon","description":"What is this ancient technology?","category":"Hidden","categoryV2":"Hidden","price":9999,"clientVer":"1.60.0"},{"id":"item_quest_vhs_megalodon_lake","netID":363,"name":"VHS Megalodon Lake","description":"What is this ancient technology?","category":"Hidden","categoryV2":"Hidden","price":9999,"clientVer":"1.60.0"},{"id":"item_quest_vhs_mines","netID":227,"name":"VHS Mines","description":"What is this ancient technology?","category":"Hidden","categoryV2":"Hidden","price":9999},{"id":"item_quest_vhs_mountain","netID":292,"name":"VHS Mountain","description":"What is this ancient technology?","category":"Hidden","categoryV2":"Hidden","price":9999,"clientVer":"1.53.0"},{"id":"item_quest_vhs_mountainbot","netID":293,"name":"VHS Lost Valley","description":"What is this ancient technology?","category":"Hidden","categoryV2":"Hidden","price":9999,"clientVer":"1.53.0"},{"id":"item_quest_vhs_mountainshack","netID":294,"name":"VHS Outpost","description":"What is this ancient technology?","category":"Hidden","categoryV2":"Hidden","price":9999,"clientVer":"1.53.0"},{"id":"item_quest_vhs_mountainvault","netID":295,"name":"VHS Frozen Vault","description":"What is this ancient technology?","category":"Hidden","categoryV2":"Hidden","price":9999,"clientVer":"1.53.0"},{"id":"item_quest_vhs_office","netID":228,"name":"VHS Office","description":"What is this ancient technology?","category":"Hidden","categoryV2":"Hidden","price":9999},{"id":"item_quest_vhs_office_basement","netID":229,"name":"VHS Office Basement","description":"What is this ancient technology?","category":"Hidden","categoryV2":"Hidden","price":9999},{"id":"item_quest_vhs_powerplant_microwave","netID":267,"name":"VHS Power Plant Microwave","description":"What is this ancient technology?","category":"Hidden","categoryV2":"Hidden","price":9999,"clientVer":"1.48.0"},{"id":"item_quest_vhs_powerplant_reactorcore","netID":264,"name":"VHS Power Plant Reactor Core","description":"What is this ancient technology?","category":"Hidden","categoryV2":"Hidden","price":9999,"clientVer":"1.48.0"},{"id":"item_quest_vhs_powerplant_security","netID":266,"name":"VHS Power Plant Security","description":"What is this ancient technology?","category":"Hidden","categoryV2":"Hidden","price":9999,"clientVer":"1.48.0"},{"id":"item_quest_vhs_powerplant_supportfacility","netID":265,"name":"VHS Power Plant Support Facility","description":"What is this ancient technology?","category":"Hidden","categoryV2":"Hidden","price":9999,"clientVer":"1.48.0"},{"id":"item_quest_vhs_sewers","netID":230,"name":"VHS Sewers","description":"What is this ancient technology?","category":"Hidden","categoryV2":"Hidden","price":9999},{"id":"item_quiver","netID":104,"name":"Quiver","description":"Carry many arrows. Can be equipped onto your hip or back.","category":"Bags","categoryV2":"Bags & Gadgets","subcategoryV2":"Bags","price":699,"value":28,"unlockPrice":3,"unlockable":2},{"id":"item_quiver_heart","netID":118,"name":"Heart Quiver","description":"Love makes the heart quiver, now your arrows can too!","category":"Bags","categoryV2":"Bags & Gadgets","subcategoryV2":"Bags","price":699,"value":28,"isVariant":true,"unlockPrice":3,"unlockable":2,"unlockDeps":["item_quiver"]},{"id":"item_radiation_gun","netID":260,"name":"Radiation Gun","description":"Fires a radioactive bolt. Get hit and watch your body.. change.","category":"Gadgets","categoryV2":"Bags & Gadgets","subcategoryV2":"Movement","price":367,"value":24,"clientVer":"1.48.0","unlockPrice":5,"unlockable":3},{"id":"item_radioactive_broccoli","netID":119,"name":"Mega Broccoli","description":"A dangerous-looking vegetable. Probably shouldn't eat it, but...","category":"Consumables","categoryV2":"Consumables","subcategoryV2":"Sus","price":399,"value":10,"unlockPrice":5,"unlockable":2},{"id":"item_radioactive_fishing_rod","netID":329,"name":"Radioactive Fishing Rod","description":"A glowing rod that hums softly and attracts eerie green fish - great for fishing, terrible for health insurance, so wash your hands and don\u2019t kiss the catch.","category":"Gadgets","categoryV2":"Fishing","subcategoryV2":"FishingRod","price":2500,"clientVer":"1.61.0","unlockPrice":35000,"unlockable":3},{"id":"item_randombox_mobloot_big","netID":58,"name":"Big Mob Loot Box","description":"Open it for a huge surprise!","category":"Hidden","categoryV2":"Hidden","price":2000,"value":32},{"id":"item_randombox_mobloot_medium","netID":59,"name":"Mob Loot Box","description":"Open it for a big surprise!","category":"Hidden","categoryV2":"Hidden","price":1200,"value":24},{"id":"item_randombox_mobloot_small","netID":60,"name":"Small Mob Loot Box","description":"Open it for a surprise!","category":"Hidden","categoryV2":"Hidden","price":800,"value":16},{"id":"item_randombox_mobloot_weapons","netID":92,"name":"Mob Weapons Loot Box","description":"A weapon box.","category":"Loot","categoryV2":"Loot","price":999,"value":40},{"id":"item_randombox_mobloot_zombie","netID":164,"name":"Zombie Loot Box","description":"Open it for a big surprise!","category":"Loot","categoryV2":"Loot","price":9999,"value":9},{"id":"item_rare_card","netID":187,"name":"Rare Trading Card","description":"An extremely valuable trading card.","category":"Loot","categoryV2":"Loot","price":23520,"value":1960},{"id":"item_remote_controller","netID":281,"name":"Remote Controller","description":"Control freaks rejoice!","category":"Gadgets","categoryV2":"Construction","subcategoryV2":"Gadgets","price":2999,"value":27,"clientVer":"1.51.0","unlockPrice":3,"unlockable":2},{"id":"item_revolver","netID":68,"name":"Revolver","description":"6 shots, make them count.","category":"Weapons","categoryV2":"Weapons","subcategoryV2":"Projectile","price":4999,"value":267,"unlockPrice":3,"unlockable":2},{"id":"item_revolver_ammo","netID":86,"name":"Revolver Ammo","description":"Use to reload a revolver","category":"Ammo","categoryV2":"Weapons","subcategoryV2":"Ammo","price":999,"value":36,"unlockPrice":1,"unlockable":2},{"id":"item_revolver_gold","netID":146,"name":"Gold Revolver","description":"6 shots, make them count.","category":"Weapons","categoryV2":"Weapons","subcategoryV2":"Projectile","price":4999,"value":284,"isVariant":true,"unlockPrice":5,"unlockable":3},{"id":"item_ring_buoy","netID":197,"name":"Ring Buoy","description":"Bobber.","category":"Gadgets","categoryV2":"Bags & Gadgets","subcategoryV2":"Movement","price":9999,"value":19,"unlockPrice":3,"unlockable":2},{"id":"item_robo_monke","netID":190,"name":"RoboMonke2000","description":"A little monkey robot toy","category":"Gadgets","categoryV2":"Bags & Gadgets","subcategoryV2":"Tech","price":1999,"value":134,"unlockPrice":5,"unlockable":2},{"id":"item_robot_arm_left","netID":279,"name":"Left Robot Arm","description":"For lifting, smashing, and posing to aura farm. Left version.","category":"Gadgets","categoryV2":"Construction","subcategoryV2":"Gadgets","price":1999,"value":17,"clientVer":"1.51.0","unlockPrice":3,"unlockable":2},{"id":"item_robot_arm_right","netID":280,"name":"Right Robot Arm","description":"For lifting, smashing, and posing to aura farm. Right version.","category":"Gadgets","categoryV2":"Construction","subcategoryV2":"Gadgets","price":1999,"value":17,"clientVer":"1.51.0","unlockPrice":3,"unlockable":2},{"id":"item_robot_head","netID":282,"name":"Robot Head","description":"Beep. Boop.","category":"Gadgets","categoryV2":"Construction","subcategoryV2":"Gadgets","price":1999,"value":21,"clientVer":"1.51.0","unlockPrice":3,"unlockable":2},{"id":"item_rope","netID":112,"name":"Rope","description":"Use it as ammo for the zipline gun.","category":"Ammo","categoryV2":"Weapons","subcategoryV2":"Ammo","price":499,"value":12,"unlockPrice":1,"unlockable":2},{"id":"item_rpg","netID":84,"name":"RPG","description":"A single use tool of ultimate destruction.","category":"Weapons","categoryV2":"Weapons","subcategoryV2":"Projectile","price":9999,"value":339,"unlockPrice":8,"unlockable":2},{"id":"item_rpg_ammo","netID":85,"name":"RPG Rocket","description":"Use to reload an RPG after firing","category":"Ammo","categoryV2":"Weapons","subcategoryV2":"Ammo","price":999,"value":39,"unlockPrice":3,"unlockable":2},{"id":"item_rpg_ammo_egg","netID":150,"name":"Egg RPG Ammo","description":"An explosive egg with more explosions inside. Used to reload an RPG","category":"Ammo","categoryV2":"Weapons","subcategoryV2":"Ammo","price":999,"value":39,"isVariant":true,"unlockPrice":1,"unlockable":2,"unlockDeps":["item_rpg_ammo"]},{"id":"item_rpg_ammo_spear","netID":162,"name":"Boomspear Ammo","description":"Reload and explode! Ammo for the Boomspear!","category":"Ammo","categoryV2":"Weapons","subcategoryV2":"Ammo","price":999,"value":38,"isVariant":true,"unlockPrice":1,"unlockable":2,"unlockDeps":["item_rpg_ammo"]},{"id":"item_rpg_cny","netID":110,"name":"Rocket Dragon RPG","description":"For ultimate destruction with style","category":"Weapons","categoryV2":"Weapons","subcategoryV2":"Projectile","price":9999,"value":339,"isVariant":true,"unlockPrice":3,"unlockable":2,"unlockDeps":["item_rpg"]},{"id":"item_rpg_easter","netID":149,"name":"Egg Launcher RPG","description":"For ultimate destruction with style","category":"Weapons","categoryV2":"Weapons","subcategoryV2":"Projectile","price":9999,"value":339,"isVariant":true,"unlockPrice":3,"unlockable":2,"unlockDeps":["item_rpg"]},{"id":"item_rpg_smshr","netID":272,"name":"SMSHR RPG","description":"SMSH through foes on any planet with an extra rocket slot!","category":"Weapons","categoryV2":"Weapons","subcategoryV2":"Projectile","price":19999,"value":343,"clientVer":"1.50.0","unlockPrice":5,"unlockable":3},{"id":"item_rpg_spear","netID":161,"name":"Boomspear","description":"Explode responsibly.","category":"Weapons","categoryV2":"Weapons","subcategoryV2":"Projectile","price":9999,"value":338,"isVariant":true,"unlockPrice":3,"unlockable":2,"unlockDeps":["item_rpg"]},{"id":"item_rubberducky","netID":36,"name":"Rubber Ducky","description":"He makes bath time so much fun!","category":"Loot","categoryV2":"Loot","price":384,"value":32},{"id":"item_ruby","netID":37,"name":"Ruby","description":"It's not Nuts, but you can turn it in for some.","category":"Loot","categoryV2":"Loot","price":1800,"value":150},{"id":"item_saddle","netID":61,"name":"Saddle","description":"Mount your friends, joust monsters, or give that one guy who can't use his arms a lift.","category":"Gadgets","categoryV2":"Bags & Gadgets","subcategoryV2":"Movement","price":199,"value":6,"unlockPrice":3,"unlockable":2},{"id":"item_salmoncannon","netID":325,"name":"Salmon Cannon","description":"There be something fishy about this RPG...","category":"Weapons","categoryV2":"Weapons","subcategoryV2":"Projectile","price":9999,"value":339,"isNew":true,"clientVer":"1.60.0","unlockPrice":8,"unlockable":2},{"id":"item_sawblade","netID":323,"name":"Sawblade","description":"Like a fidget spinner, though it didn't quite pass the Toy Safety minimum requirements.","category":"Ammo","categoryV2":"Weapons","subcategoryV2":"Ammo","price":449,"value":25,"clientVer":"1.57.0","unlockPrice":1,"unlockable":3},{"id":"item_sawblade_launcher","netID":322,"name":"Sawblade Launcher","description":"If you really need help cutting down trees... You're just cutting trees with this, right?","category":"Weapons","categoryV2":"Weapons","subcategoryV2":"Projectile","price":3499,"value":100,"clientVer":"1.57.0","unlockPrice":5,"unlockable":3},{"id":"item_scanner","netID":18,"name":"Scanner","description":"Your personal monster radar...because sometimes, it\u2019s better to know when you\u2019re about to be eaten.","category":"Hidden","categoryV2":"Hidden","price":199,"value":15},{"id":"item_scissors","netID":132,"name":"Scissors","description":"Perfect for arts and crafts.","category":"Loot","categoryV2":"Loot","price":999,"value":21},{"id":"item_server_pad","netID":188,"name":"Broken Tablet","description":"A broken tablet.","category":"Loot","categoryV2":"Loot","price":9999,"value":305},{"id":"item_shield","netID":77,"name":"Shield","description":"It protecc.","category":"Weapons","categoryV2":"Weapons","subcategoryV2":"Melee","price":399,"value":28,"unlockPrice":1,"unlockable":2},{"id":"item_shield_bones","netID":109,"name":"Protective Bone Shield","description":"A shield made from your enemies bones.","category":"Weapons","categoryV2":"Weapons","subcategoryV2":"Melee","price":399,"value":28,"isVariant":true,"unlockPrice":3,"unlockable":2,"unlockDeps":["item_shield"]},{"id":"item_shield_candy_cane","netID":312,"name":"Candy Cane Shield","description":"A shield fit for a warrior","category":"Weapons","categoryV2":"Weapons","subcategoryV2":"Melee","price":399,"value":29,"isVariant":true,"clientVer":"1.54.0","unlockPrice":2,"unlockable":3},{"id":"item_shield_police","netID":123,"name":"Police Shield","description":"A shield for protecting you and your squad","category":"Weapons","categoryV2":"Weapons","subcategoryV2":"Melee","price":399,"value":28,"isVariant":true,"unlockPrice":3,"unlockable":2,"unlockDeps":["item_shield"]},{"id":"item_shield_viking_1","netID":168,"name":"Viking Shield","description":"Strong enough for a viking.","category":"Hidden","categoryV2":"Hidden","price":999,"value":28},{"id":"item_shield_viking_2","netID":169,"name":"Berserker Shield","description":"Probably used more for smashing than protecting...","category":"Hidden","categoryV2":"Hidden","price":999,"value":28},{"id":"item_shield_viking_3","netID":170,"name":"Thane Shield","description":"A shield fit for a Thane.","category":"Hidden","categoryV2":"Hidden","price":999,"value":28},{"id":"item_shield_viking_4","netID":171,"name":"Varangian Shield","description":"If it's good enough for Varangians, it's good enough for you.","category":"Hidden","categoryV2":"Hidden","price":999,"value":28},{"id":"item_shotgun","netID":19,"name":"Shotgun","description":"Shoot a spread of pellets dealing massive damage. ","category":"Weapons","categoryV2":"Weapons","subcategoryV2":"Projectile","price":12999,"value":382,"unlockPrice":5,"unlockable":2},{"id":"item_shotgun_ammo","netID":20,"name":"Shotgun Ammo","description":"Use to reload a shotgun","category":"Ammo","categoryV2":"Weapons","subcategoryV2":"Ammo","price":999,"value":33,"unlockPrice":3,"unlockable":2},{"id":"item_shotgun_viper","netID":271,"name":"Viper Shotgun","description":"Spits bullets, not venom.","category":"Weapons","categoryV2":"Weapons","subcategoryV2":"Projectile","price":12999,"value":382,"clientVer":"1.50.0","unlockPrice":5,"unlockable":3},{"id":"item_shovel","netID":231,"name":"Shovel","description":"It's a shovel.","category":"Weapons","categoryV2":"Weapons","subcategoryV2":"Melee","price":499,"value":13,"unlockPrice":2,"unlockable":2},{"id":"item_shredder","netID":135,"name":"Nut Shredder","description":"Shred your loot into nuts.","category":"Bags","categoryV2":"Bags & Gadgets","subcategoryV2":"Bags","price":499,"value":20,"unlockPrice":5,"unlockable":2},{"id":"item_shrinking_broccoli","netID":120,"name":"Micro Broccoli","description":"A dangerous-looking vegetable. Probably shouldn't eat it, but...","category":"Consumables","categoryV2":"Consumables","subcategoryV2":"Sus","price":399,"value":10,"unlockPrice":5,"unlockable":2},{"id":"item_skipole","netID":298,"name":"Ski Pole","description":"Climb that mountain... or don't.","category":"Toys","categoryV2":"Toys","subcategoryV2":"Misc","price":1499,"clientVer":"1.53.0","unlockPrice":1,"unlockable":2},{"id":"item_skishoe","netID":291,"name":"Ski Shoe (Blue)","description":"A small ski for skiing.","category":"Gadgets","categoryV2":"Bags & Gadgets","subcategoryV2":"Movement","price":999,"clientVer":"1.52.0","unlockPrice":1,"unlockable":2},{"id":"item_skishoe_2","netID":304,"name":"Ski Shoe (Green)","description":"A small ski for skiing.","category":"Gadgets","categoryV2":"Bags & Gadgets","subcategoryV2":"Movement","price":999,"clientVer":"1.53.0","unlockPrice":1,"unlockable":2},{"id":"item_skishoe_3","netID":305,"name":"Ski Shoe (Red)","description":"A small ski for skiing.","category":"Gadgets","categoryV2":"Bags & Gadgets","subcategoryV2":"Movement","price":999,"clientVer":"1.53.0","unlockPrice":1,"unlockable":2},{"id":"item_skishoe_4","netID":306,"name":"Ski Shoe (Yellow)","description":"A small ski for skiing.","category":"Gadgets","categoryV2":"Bags & Gadgets","subcategoryV2":"Movement","price":999,"clientVer":"1.53.0","unlockPrice":1,"unlockable":2},{"id":"item_snail_friend","netID":261,"name":"Snail","description":"Actually really nice once you get to know him.","category":"Hidden","categoryV2":"Hidden","price":9999,"clientVer":"1.48.0"},{"id":"item_snowball","netID":91,"name":"Snowball","description":"A perfectly shaped snowball ready to be thrown.","category":"Weapons","categoryV2":"Weapons","subcategoryV2":"Projectile","price":999},{"id":"item_snowboard","netID":299,"name":"AC Snowboard","description":"It's a snowboard!","category":"Gadgets","categoryV2":"Bags & Gadgets","subcategoryV2":"Movement","price":999,"clientVer":"1.53.0","unlockPrice":3,"unlockable":2},{"id":"item_snowboard_2","netID":300,"name":"67 Snowboard","description":"It's a snowboard!","category":"Gadgets","categoryV2":"Bags & Gadgets","subcategoryV2":"Movement","price":999,"clientVer":"1.53.0","unlockPrice":3,"unlockable":2},{"id":"item_snowboard_3","netID":301,"name":"Flaming Eye Snowboard","description":"It's a snowboard!","category":"Gadgets","categoryV2":"Bags & Gadgets","subcategoryV2":"Movement","price":999,"clientVer":"1.53.0","unlockPrice":3,"unlockable":2},{"id":"item_snowboard_4","netID":302,"name":"Snow Snowboard","description":"It's a snowboard!","category":"Gadgets","categoryV2":"Bags & Gadgets","subcategoryV2":"Movement","price":999,"clientVer":"1.53.0","unlockPrice":3,"unlockable":2},{"id":"item_snowboard_auto","netID":303,"name":"Special Snowboard","description":"A special board for special players","category":"Gadgets","categoryV2":"Bags & Gadgets","subcategoryV2":"Movement","price":999,"clientVer":"1.53.0","unlockPrice":3,"unlockable":3},{"id":"item_spear_candy_cane","netID":314,"name":"Candy Cane Spear","description":"A candy themed spear","category":"Weapons","categoryV2":"Weapons","subcategoryV2":"Melee","price":499,"value":34,"isVariant":true,"clientVer":"1.54.0","unlockPrice":2,"unlockable":3},{"id":"item_special_fishing_rod","netID":330,"name":"Special Fishing Rod","description":"The VIP of fishing gear - painfully expensive, points you to rare fish, and feels incomplete, like it\u2019s waiting for one last upgrade.","category":"Gadgets","categoryV2":"Fishing","subcategoryV2":"FishingRod","price":3000,"clientVer":"1.60.0","unlockPrice":100000,"unlockable":3},{"id":"item_special_fishing_rod_radar_part","netID":340,"name":"Fishing Rod Radar Part","description":"A 'Special' attachment for a 'Special' rod. It\u2019s a match made in... the deep dark.","category":"Loot","categoryV2":"Loot","price":9999999,"value":10,"clientVer":"1.60.0"},{"id":"item_special_fishing_rod_with_radar","netID":341,"name":"Special Fishing Rod (Radar)","description":"The VIP of fishing gear - painfully expensive and fully complete, with a built-in radar that tracks the rarest fish and screams \u201cI spent too much money.\u201d","category":"Hidden","categoryV2":"Hidden","price":9999999,"value":10,"clientVer":"1.60.0"},{"id":"item_stapler","netID":133,"name":"Stapler","description":"A gorgeous red stapler","category":"Loot","categoryV2":"Loot","price":1399,"value":111},{"id":"item_stash_grenade","netID":147,"name":"Stash Grenade","description":"Harness the power of the stash for a few seconds","category":"Explosives","categoryV2":"Weapons","subcategoryV2":"Explosives","price":499,"value":1,"unlockPrice":3,"unlockable":2},{"id":"item_steel_beam","netID":289,"name":"Steel Beam","description":"Pure industrial elegance.","category":"Toys","categoryV2":"Construction","subcategoryV2":"Materials","price":1499,"value":29,"clientVer":"1.51.0","unlockPrice":1,"unlockable":2},{"id":"item_steel_beam_xmas","netID":310,"name":"Gingerbread Beam","description":"Keeps your gingerbread house up to code.","category":"Toys","categoryV2":"Construction","subcategoryV2":"Materials","price":1499,"value":29,"clientVer":"1.54.0","unlockPrice":1,"unlockable":2},{"id":"item_stellarsword_blue","netID":273,"name":"Blue Stellar Sword","description":"A means to prove your dedication to the great Adventure.","category":"Weapons","categoryV2":"Weapons","subcategoryV2":"Melee","price":9999,"value":117,"clientVer":"1.50.0","unlockPrice":5,"unlockable":3},{"id":"item_stellarsword_gold","netID":274,"name":"Gold Stellar Sword","description":"Ultimate proof of your dedication to the great Adventure.","category":"Weapons","categoryV2":"Weapons","subcategoryV2":"Melee","price":9999,"value":117,"isVariant":true,"clientVer":"1.50.0","unlockPrice":5,"unlockable":3},{"id":"item_stick_armbones","netID":107,"name":"Arm Bones (Stick)","description":"In case you need to defend your bones with more bones.","category":"Weapons","categoryV2":"Weapons","subcategoryV2":"Melee","price":100,"isVariant":true,"unlockPrice":3,"unlockable":2,"unlockDeps":["item_stick_bone"]},{"id":"item_stick_bone","netID":106,"name":"Bone (Stick)","description":"Why use a tree stick when you can use a bone?","category":"Weapons","categoryV2":"Weapons","subcategoryV2":"Melee","price":25,"unlockPrice":1,"unlockable":2},{"id":"item_sticker_dispenser","netID":144,"name":"Sticker Dispenser","description":"Drop glowing stickers to mark your path and never lose your way.","category":"Gadgets","categoryV2":"Bags & Gadgets","subcategoryV2":"Recon","price":399,"value":23,"unlockPrice":3,"unlockable":2},{"id":"item_sticky_dynamite","netID":102,"name":"Sticky Dynamite","description":"Dunno what this dynamite got into.","category":"Explosives","categoryV2":"Weapons","subcategoryV2":"Explosives","price":499,"value":35,"unlockPrice":3,"unlockable":2},{"id":"item_stinky_cheese","netID":140,"name":"Stinky Cheese","description":"Stinky Swiss cheese. Stay as far away as possible.","category":"Consumables","categoryV2":"Consumables","subcategoryV2":"Food","price":499,"value":41},{"id":"item_tablet","netID":21,"name":"Tablet","description":"It\u2019s like a treasure map, but on a tiny screen.","category":"Gadgets","categoryV2":"Bags & Gadgets","subcategoryV2":"Recon","price":399,"value":15,"unlockPrice":1,"unlockable":2},{"id":"item_tapedispenser","netID":134,"name":"Tape Dispenser","description":"Perfect for arts and crafts.","category":"Loot","categoryV2":"Loot","price":999,"value":31},{"id":"item_tele_grenade","netID":76,"name":"Tele Grenade","description":"Activate and throw to spatially transpose your body after a delay.","category":"Gadgets","categoryV2":"Bags & Gadgets","subcategoryV2":"Movement","price":299,"value":21,"unlockPrice":1,"unlockable":2},{"id":"item_tele_pearl","netID":318,"name":"Tele Pearl","description":"Activate and throw this cubical anomaly to spatially transpose your body upon impact.","category":"Gadgets","categoryV2":"Bags & Gadgets","subcategoryV2":"Movement","price":399,"value":30,"isVariant":true,"clientVer":"1.56.0","unlockPrice":2,"unlockable":2,"unlockDeps":["item_tele_grenade"]},{"id":"item_teleport_gun","netID":189,"name":"Teleport Gun","description":"A gun that can spatially transpose your body when fired.","category":"Gadgets","categoryV2":"Bags & Gadgets","subcategoryV2":"Movement","price":2999,"value":193,"unlockPrice":5,"unlockable":2},{"id":"item_theremin","netID":136,"name":"Theremin","description":"Make some music, or weird noises.","category":"Toys","categoryV2":"Toys","subcategoryV2":"Instruments","price":999,"value":42,"unlockPrice":3,"unlockable":2},{"id":"item_timebomb","netID":141,"name":"Time Bomb","description":"A bomb that explodes after a certain amount of time.","category":"Loot","categoryV2":"Loot","price":24300,"value":2025},{"id":"item_toilet_paper","netID":39,"name":"Toilet Paper","description":"Soft and in high demand. Turn it in for Nuts.","category":"Loot","categoryV2":"Loot","price":999,"value":25},{"id":"item_toilet_paper_mega","netID":41,"name":"Mega Toilet Paper","description":"Extra fluffy, extra valuable. Turn it in for Nuts.","category":"Loot","categoryV2":"Loot","price":999,"value":50},{"id":"item_toilet_paper_roll_empty","netID":40,"name":"Empty Toilet Paper Roll","description":"It has its uses. Turn it in for Nuts.","category":"Loot","categoryV2":"Loot","price":999,"value":13},{"id":"item_token_circus","netID":246,"name":"Token","description":"Used to play games at the Circus","category":"Loot","categoryV2":"Loot","price":9999,"value":50},{"id":"item_trampoline","netID":245,"name":"Trampoline","description":"Yeah, but can you do a backflip?","category":"Gadgets","categoryV2":"Bags & Gadgets","subcategoryV2":"Movement","price":1499,"value":67,"unlockPrice":3,"unlockable":2},{"id":"item_treestick","netID":90,"name":"Tree Stick","description":"Nature's sword. Can be used as a weapon, but it seems like it will break any second...","category":"Weapons","categoryV2":"Weapons","subcategoryV2":"Melee","unlockable":1},{"id":"item_tripwire_explosive","netID":22,"name":"Tripwire Explosive","description":"Attach to any surface to create a deadly trap.","category":"Explosives","categoryV2":"Weapons","subcategoryV2":"Explosives","price":499,"value":24,"unlockPrice":1,"unlockable":2},{"id":"item_trophy","netID":42,"name":"Trophy","description":"Everybody deserves one. Turn it in for Nuts.","category":"Loot","categoryV2":"Loot","price":1399,"value":111},{"id":"item_truss","netID":290,"name":"Truss","description":"It's always there for support when you need it.","category":"Toys","categoryV2":"Construction","subcategoryV2":"Materials","price":1999,"value":38,"clientVer":"1.51.0","unlockPrice":1,"unlockable":2},{"id":"item_truss_xmas","netID":311,"name":"Candy Cane Truss","description":"Supports the most ambitious candy constructions.","category":"Toys","categoryV2":"Construction","subcategoryV2":"Materials","price":1999,"value":38,"clientVer":"1.54.0","unlockPrice":1,"unlockable":2},{"id":"item_turkey_leg","netID":70,"name":"Turkey Leg","description":"A juicy leg from a turkey.","category":"Loot","categoryV2":"Loot","price":200,"value":9},{"id":"item_turkey_whole","netID":69,"name":"Turkey Whole","description":"A whole turkey. Big appetite required!","category":"Loot","categoryV2":"Loot","price":200,"value":14},{"id":"item_ukulele","netID":157,"name":"Ukulele","description":"Serenade your friends with a relaxing tune. Heals nearby players when played.","category":"Toys","categoryV2":"Toys","subcategoryV2":"Instruments","price":999,"value":42,"unlockPrice":3,"unlockable":2},{"id":"item_ukulele_gold","netID":158,"name":"Golden Ukulele","description":"Serenade your friends even more with gold. Heals nearby players when played.","category":"Toys","categoryV2":"Toys","subcategoryV2":"Instruments","price":999,"value":42,"isVariant":true,"unlockPrice":5,"unlockable":3},{"id":"item_umbrella","netID":43,"name":"Umbrella","description":"Descend gracefully. Part parachute, part parasol, all fabulous.","category":"Gadgets","categoryV2":"Bags & Gadgets","subcategoryV2":"Movement","price":450,"value":50,"unlockPrice":3,"unlockable":2},{"id":"item_umbrella_clover","netID":139,"name":"Clover Umbrella","description":"Descend gracefully, with a touch of luck. Part parachute, part parasol, all charm.","category":"Gadgets","categoryV2":"Bags & Gadgets","subcategoryV2":"Movement","price":450,"value":50,"isVariant":true,"unlockPrice":3,"unlockable":2,"unlockDeps":["item_umbrella"]},{"id":"item_umbrella_squirrel","netID":203,"name":"Squirrel Umbrella","description":"Descend gracefully, with the spirit of the forest. Part parachute, part parasol, all nutty.","category":"Gadgets","categoryV2":"Bags & Gadgets","subcategoryV2":"Movement","price":450,"value":50,"isVariant":true,"unlockPrice":5,"unlockable":3},{"id":"item_unidentified","name":"Unknown Item","description":"???","category":"Hidden","categoryV2":"Hidden","price":2147483647},{"id":"item_upsidedown_loot","netID":53,"name":"Upsidedown Loot","description":"Turn this in for Nuts.","category":"Loot","categoryV2":"Loot","price":5999,"value":400},{"id":"item_uranium_chunk_l","netID":46,"name":"Large Uranium Chunk","description":"Radioactive metal. Turn this in for Nuts.","category":"Loot","categoryV2":"Loot","price":7999,"value":666},{"id":"item_uranium_chunk_m","netID":45,"name":"Uranium Chunk","description":"Radioactive metal. Turn this in for Nuts.","category":"Loot","categoryV2":"Loot","price":5999,"value":450},{"id":"item_uranium_chunk_s","netID":44,"name":"Small Uranium Chunk","description":"Radioactive metal. Turn this in for Nuts.","category":"Loot","categoryV2":"Loot","price":4999,"value":360},{"id":"item_viking_hammer","netID":167,"name":"Dawn Hammer","description":"Launch your enemies into the sun!","category":"Weapons","categoryV2":"Weapons","subcategoryV2":"Melee","price":699,"value":27,"unlockPrice":3,"unlockable":2},{"id":"item_viking_hammer_twilight","netID":172,"name":"Twilight Hammer","description":"Launch your enemies like a shooting star!","category":"Weapons","categoryV2":"Weapons","subcategoryV2":"Melee","price":699,"value":28,"isVariant":true,"unlockPrice":3,"unlockable":2,"unlockDeps":["item_viking_hammer"]},{"id":"item_war_fan","netID":378,"name":"War Fan","description":"Fan the flames of war with style.","category":"Weapons","categoryV2":"Weapons","subcategoryV2":"Melee","price":1999,"value":31,"isNew":true,"clientVer":"1.61.0","unlockPrice":4,"unlockable":2},{"id":"item_wheelhandle","netID":262,"name":"Wheelhandle","description":"Good for opening doors","category":"Hidden","categoryV2":"Hidden","price":9999,"value":33,"clientVer":"1.48.0"},{"id":"item_wheelhandle_big","netID":263,"name":"Giant Wheelhandle","description":"Good for opening giant doors","category":"Hidden","categoryV2":"Hidden","price":10788,"value":899,"clientVer":"1.48.0"},{"id":"item_whoopie","netID":47,"name":"Whoopie","description":"Pfffttt","category":"Toys","categoryV2":"Toys","subcategoryV2":"Misc","price":300,"value":45,"unlockPrice":1,"unlockable":2},{"id":"item_wood_log","netID":198,"name":"Wood Log","description":"Perfect for building\u2026 or burning.","category":"Loot","categoryV2":"Loot","price":9999,"value":67},{"id":"item_wood_pallet","netID":284,"name":"Wood Pallet","description":"A pallet. Like a plank, but with ambition.","category":"Toys","categoryV2":"Construction","subcategoryV2":"Materials","price":499,"value":19,"clientVer":"1.51.0","unlockPrice":1,"unlockable":2},{"id":"item_wyrmpiercer","netID":376,"name":"Wyrmpiercer Halberd","description":"Scourge of the Ancient Ones.","category":"Weapons","categoryV2":"Weapons","subcategoryV2":"Melee","price":3599,"value":65,"isNew":true,"clientVer":"1.61.0","unlockPrice":3,"unlockable":3},{"id":"item_zipline_gun","netID":111,"name":"Zipline Gun","description":"Load it with rope and fire to instantly create a zipline between two points.","category":"Gadgets","categoryV2":"Bags & Gadgets","subcategoryV2":"Movement","price":1499,"value":22,"unlockPrice":4,"unlockable":2},{"id":"item_zombie_meat","netID":163,"name":"Zombie Meat","description":"Not fresh. Not valuable. Not... safe.","category":"Loot","categoryV2":"Loot","price":9999,"value":13}]