[{"id":"loot_ducky","groups":{"items":[{"rewardType":"item_rubberducky","quantity":1,"weight":1}]}},{"id":"loot_items_growbroccoli","groups":{"items":[{"rewardType":"item_radioactive_broccoli","quantity":1,"weight":1}]}},{"id":"loot_items_shrinkbroccoli","groups":{"items":[{"rewardType":"item_shrinking_broccoli","quantity":1,"weight":1}]}},{"id":"loot_keycard","groups":{"items":[{"rewardType":"item_keycard","quantity":1,"weight":1}]}},{"id":"loot_hh_canvas","groups":{"items":[{"rewardType":"item_painting_canvas","quantity":1,"weight":1}]}},{"id":"loot_hh_heartloot","groups":{"items":[{"rewardType":"item_heart_chunk","quantity":1,"weight":1}]}},{"id":"loot_hh_key","groups":{"items":[{"rewardType":"item_hh_key","quantity":1,"weight":1}]}},{"id":"loot_hh_upsidownonly","groups":{"items":[{"rewardType":"item_upsidedown_loot","quantity":1,"weight":1}]}},{"id":"loot_normal","groups":{"items":[{"rewardType":"item_banana","quantity":1,"weight":6},{"rewardType":"item_large_banana","quantity":1,"weight":3},{"rewardType":"item_cola","quantity":1,"weight":6},{"rewardType":"item_cola_large","quantity":1,"weight":3},{"rewardType":"item_plunger","quantity":1,"weight":4},{"rewardType":"item_goldbar","quantity":1,"weight":1},{"rewardType":"item_ruby","quantity":1,"weight":1},{"rewardType":"item_trophy","quantity":1,"weight":1},{"rewardType":"item_big_cup","quantity":1,"weight":3},{"rewardType":"item_toilet_paper","quantity":1,"weight":4},{"rewardType":"item_toilet_paper_roll_empty","quantity":1,"weight":1},{"rewardType":"item_toilet_paper_mega","quantity":1,"weight":1},{"rewardType":"item_rubberducky","quantity":1,"weight":1},{"rewardType":"item_crate","quantity":1,"weight":1},{"rewardType":"item_umbrella","quantity":1,"weight":3},{"rewardType":"item_whoopie","quantity":1,"weight":2},{"rewardType":"item_nut","quantity":1,"weight":1},{"rewardType":"item_pipe","quantity":1,"weight":1},{"rewardType":"item_pogostick","quantity":1,"weight":1}]}},{"id":"loot_pelican","groups":{"items":[{"rewardType":"item_pelican_case","quantity":1,"weight":1}]}},{"id":"loot_uranium","groups":{"items":[{"rewardType":"item_uranium_chunk_m","quantity":1,"weight":55},{"rewardType":"item_uranium_chunk_s","quantity":1,"weight":55},{"rewardType":"item_uranium_chunk_l","quantity":1,"weight":3}]}},{"id":"loot_uranium_large","groups":{"items":[{"rewardType":"item_uranium_chunk_l","quantity":1,"weight":55}]}},{"id":"loot_valuable","groups":{"items":[{"rewardType":"item_goldbar","quantity":1,"weight":6},{"rewardType":"item_ruby","quantity":1,"weight":6},{"rewardType":"item_trophy","quantity":1,"weight":6},{"rewardType":"item_crate","quantity":1,"weight":12},{"rewardType":"item_whoopie","quantity":1,"weight":1}]}},{"id":"loot_normal_and_valuable","groups":{"items":[{"rewardType":"item_banana","quantity":1,"weight":6},{"rewardType":"item_large_banana","quantity":1,"weight":3},{"rewardType":"item_cola","quantity":1,"weight":6},{"rewardType":"item_cola_large","quantity":1,"weight":3},{"rewardType":"item_plunger","quantity":1,"weight":4},{"rewardType":"item_goldbar","quantity":1,"weight":1},{"rewardType":"item_ruby","quantity":1,"weight":1},{"rewardType":"item_trophy","quantity":1,"weight":1},{"rewardType":"item_big_cup","quantity":1,"weight":3},{"rewardType":"item_toilet_paper","quantity":1,"weight":4},{"rewardType":"item_toilet_paper_roll_empty","quantity":1,"weight":1},{"rewardType":"item_toilet_paper_mega","quantity":1,"weight":1},{"rewardType":"item_rubberducky","quantity":1,"weight":1},{"rewardType":"item_crate","quantity":1,"weight":1},{"rewardType":"item_umbrella","quantity":1,"weight":3},{"rewardType":"item_whoopie","quantity":1,"weight":2},{"rewardType":"item_nut","quantity":1,"weight":1},{"rewardType":"item_pipe","quantity":1,"weight":1},{"rewardType":"item_pogostick","quantity":1,"weight":1},{"rewardType":"item_goldbar","quantity":1,"weight":6},{"rewardType":"item_ruby","quantity":1,"weight":6},{"rewardType":"item_trophy","quantity":1,"weight":6},{"rewardType":"item_crate","quantity":1,"weight":12},{"rewardType":"item_whoopie","quantity":1,"weight":1}]}},{"id":"loot_vents","groups":{"items":[{"rewardType":"item_ceo_plaque","quantity":1,"weight":2},{"rewardType":"item_d20","quantity":1,"weight":6},{"rewardType":"item_eraser","quantity":1,"weight":9},{"rewardType":"item_finger_board","quantity":1,"weight":7},{"rewardType":"item_gameboy","quantity":1,"weight":1},{"rewardType":"item_goldcoin","quantity":1,"weight":5},{"rewardType":"item_rare_card","quantity":1,"weight":1},{"rewardType":"item_stapler","quantity":1,"weight":2},{"rewardType":"item_trophy","quantity":1,"weight":2},{"rewardType":"item_ruby","quantity":1,"weight":1}]}},{"id":"loot_officejunk","groups":{"items":[{"rewardType":"item_cola","quantity":1,"weight":1},{"rewardType":"item_nut","quantity":1,"weight":1},{"rewardType":"item_plunger","quantity":1,"weight":1},{"rewardType":"item_trophy","quantity":1,"weight":1},{"rewardType":"item_whoopie","quantity":1,"weight":1},{"rewardType":"item_calculator","quantity":1,"weight":1},{"rewardType":"item_scissors","quantity":1,"weight":3},{"rewardType":"item_stapler","quantity":1,"weight":3},{"rewardType":"item_tapedispenser","quantity":1,"weight":3},{"rewardType":"item_paperpack","quantity":1,"weight":3},{"rewardType":"item_mug","quantity":1,"weight":4},{"rewardType":"item_floppy5","quantity":1,"weight":2},{"rewardType":"item_floppy3","quantity":1,"weight":3},{"rewardType":"item_disc","quantity":1,"weight":3}]}},{"id":"loot_pp_enter","groups":{"items":[{"rewardType":"item_uranium_chunk_s","quantity":1,"weight":5},{"rewardType":"item_uranium_chunk_m","quantity":1,"weight":3},{"rewardType":"item_uranium_chunk_l","quantity":1,"weight":2}]}},{"id":"loot_datacenter","groups":{"items":[{"rewardType":"item_harddrive","quantity":1,"weight":1},{"rewardType":"item_server_pad","quantity":1,"weight":1},{"rewardType":"item_electrical_tape","quantity":1,"weight":1}]}},{"id":"loot_christmasboxcontents","groups":{"items":[{"rewardType":"item_flamethrower","quantity":1,"weight":10},{"rewardType":"item_stellarsword_blue","quantity":1,"weight":10},{"rewardType":"item_pistol_dragon","quantity":1,"weight":10},{"rewardType":"item_shotgun_viper","quantity":1,"weight":10},{"rewardType":"item_rpg_smshr","quantity":1,"weight":10},{"rewardType":"item_pumpkin_bomb","quantity":1,"weight":10},{"rewardType":"item_flamethrower_skull","quantity":1,"weight":10},{"rewardType":"item_boomerang","quantity":1,"weight":10},{"rewardType":"item_alphablade","quantity":1,"weight":10},{"rewardType":"item_shotgun","quantity":1,"weight":10},{"rewardType":"item_revolver","quantity":1,"weight":10},{"rewardType":"item_rpg","quantity":1,"weight":10},{"rewardType":"item_rpg_cny","quantity":1,"weight":10},{"rewardType":"item_grenade","quantity":3,"weight":10},{"rewardType":"item_cluster_grenade","quantity":3,"weight":10},{"rewardType":"item_grenade_launcher","quantity":1,"weight":10}]}},{"id":"loot_cratecontents","groups":{"items":[{"rewardType":"item_shotgun","quantity":1,"weight":1},{"rewardType":"item_pogostick","quantity":1,"weight":3},{"rewardType":"item_crossbow","quantity":1,"weight":3},{"rewardType":"item_flaregun","quantity":1,"weight":5},{"rewardType":"item_umbrella","quantity":1,"weight":3},{"rewardType":"item_impulse_grenade","quantity":1,"weight":3},{"rewardType":"item_revolver","quantity":1,"weight":3},{"rewardType":"item_revolver_ammo","quantity":1,"weight":5},{"rewardType":"item_rpg","quantity":1,"weight":1},{"rewardType":"item_rpg_ammo","quantity":1,"weight":3},{"rewardType":"item_dynamite","quantity":1,"weight":5},{"rewardType":"item_hookshot","quantity":1,"weight":1},{"rewardType":"item_glowstick","quantity":1,"weight":5},{"rewardType":"item_shield","quantity":1,"weight":5},{"rewardType":"item_tele_grenade","quantity":1,"weight":5},{"rewardType":"item_company_ration","quantity":1,"weight":5},{"rewardType":"item_ogre_hands","quantity":1,"weight":3},{"rewardType":"item_pickaxe","quantity":1,"weight":1},{"rewardType":"item_baseball_bat","quantity":1,"weight":1},{"rewardType":"item_saddle","quantity":1,"weight":3},{"rewardType":"item_heart_gun","quantity":1,"weight":1},{"rewardType":"item_flashlight_red","quantity":1,"weight":1},{"rewardType":"item_whoopie","quantity":1,"weight":5},{"rewardType":"item_hoverpad","quantity":1,"weight":1},{"rewardType":"item_tablet","quantity":1,"weight":3},{"rewardType":"item_jetpack","quantity":1,"weight":5},{"rewardType":"item_grenade","quantity":1,"weight":5},{"rewardType":"item_shotgun_ammo","quantity":1,"weight":3},{"rewardType":"item_flashlight_mega","quantity":1,"weight":3},{"rewardType":"item_flashbang","quantity":1,"weight":5},{"rewardType":"item_disposable_camera","quantity":1,"weight":5},{"rewardType":"item_crowbar","quantity":1,"weight":3},{"rewardType":"item_clapper","quantity":1,"weight":5},{"rewardType":"item_lance","quantity":1,"weight":3},{"rewardType":"item_cluster_grenade","quantity":1,"weight":3},{"rewardType":"item_backpack_large_base","quantity":1,"weight":1},{"rewardType":"item_backpack_small_base","quantity":1,"weight":1}]}},{"id":"loot_giftboxcontents","groups":{"items":[{"rewardType":"item_backpack","quantity":1,"weight":1},{"rewardType":"item_backpack_black","quantity":1,"weight":1},{"rewardType":"item_backpack_green","quantity":1,"weight":1},{"rewardType":"item_backpack_pink","quantity":1,"weight":1},{"rewardType":"item_backpack_white","quantity":1,"weight":1},{"rewardType":"item_backpack_with_flashlight","quantity":1,"weight":1},{"rewardType":"item_banana","quantity":1,"weight":1},{"rewardType":"item_big_cup","quantity":1,"weight":1},{"rewardType":"item_boombox","quantity":1,"weight":1},{"rewardType":"item_cola","quantity":1,"weight":1},{"rewardType":"item_cola_large","quantity":1,"weight":1},{"rewardType":"item_crate","quantity":1,"weight":1},{"rewardType":"item_crossbow","quantity":1,"weight":1},{"rewardType":"item_crowbar","quantity":1,"weight":1},{"rewardType":"item_disposable_camera","quantity":1,"weight":1},{"rewardType":"item_egg","quantity":1,"weight":1},{"rewardType":"item_flaregun","quantity":1,"weight":1},{"rewardType":"item_flashbang","quantity":1,"weight":1},{"rewardType":"item_flashlight","quantity":1,"weight":1},{"rewardType":"item_flashlight_mega","quantity":1,"weight":1},{"rewardType":"item_flashlight_red","quantity":1,"weight":1},{"rewardType":"item_goldbar","quantity":1,"weight":1},{"rewardType":"item_grenade","quantity":1,"weight":1},{"rewardType":"item_heart_chunk","quantity":1,"weight":1},{"rewardType":"item_heart_gun","quantity":1,"weight":1},{"rewardType":"item_hh_key","quantity":1,"weight":1},{"rewardType":"item_hoverpad","quantity":1,"weight":1},{"rewardType":"item_jetpack","quantity":1,"weight":1},{"rewardType":"item_large_banana","quantity":1,"weight":1},{"rewardType":"item_nut","quantity":1,"weight":1},{"rewardType":"item_painting_canvas","quantity":1,"weight":1},{"rewardType":"item_pelican_case","quantity":1,"weight":1},{"rewardType":"item_pipe","quantity":1,"weight":1},{"rewardType":"item_plunger","quantity":1,"weight":1},{"rewardType":"item_pogostick","quantity":1,"weight":1},{"rewardType":"item_pumpkinjack","quantity":1,"weight":1},{"rewardType":"item_pumpkinjack_small","quantity":1,"weight":1},{"rewardType":"item_rubberducky","quantity":1,"weight":1},{"rewardType":"item_ruby","quantity":1,"weight":1},{"rewardType":"item_scanner","quantity":1,"weight":1},{"rewardType":"item_shotgun","quantity":1,"weight":1},{"rewardType":"item_shotgun_ammo","quantity":1,"weight":1},{"rewardType":"item_tablet","quantity":1,"weight":1},{"rewardType":"item_toilet_paper","quantity":1,"weight":1},{"rewardType":"item_toilet_paper_mega","quantity":1,"weight":1},{"rewardType":"item_toilet_paper_roll_empty","quantity":1,"weight":1},{"rewardType":"item_tripwire_explosive","quantity":1,"weight":1},{"rewardType":"item_trophy","quantity":1,"weight":1},{"rewardType":"item_umbrella","quantity":1,"weight":1},{"rewardType":"item_upsidedown_loot","quantity":1,"weight":1},{"rewardType":"item_uranium_chunk_l","quantity":1,"weight":1},{"rewardType":"item_uranium_chunk_m","quantity":1,"weight":1},{"rewardType":"item_uranium_chunk_s","quantity":1,"weight":1},{"rewardType":"item_whoopie","quantity":1,"weight":1}]}},{"id":"loot_mobdrop_easy","groups":{"items":[{"rewardType":"item_randombox_mobloot_small","quantity":1,"weight":1}]}},{"id":"loot_mobdrop_evileye","groups":{"items":[{"rewardType":"item_turkey_whole","quantity":1,"weight":1}]}},{"id":"loot_mobdrop_mimic","groups":{"items":[{"rewardType":"nothing","quantity":1,"weight":50},{"rewardType":"item_quest_gy_skull_special","quantity":1,"weight":875},{"rewardType":"item_megaphone","quantity":1,"weight":75}]}},{"id":"loot_mobdrop_halloween_easy","groups":{"items":[{"rewardType":"item_pumpkinjack_small","quantity":1,"weight":1}]}},{"id":"loot_mobdrop_halloween_hard","groups":{"items":[{"rewardType":"item_pumpkinjack","quantity":1,"weight":1}]}},{"id":"loot_mobdrop_halloween_normal","groups":{"items":[{"rewardType":"item_pumpkinjack_small","quantity":1,"weight":1}]}},{"id":"loot_mobdrop_hard","groups":{"items":[{"rewardType":"item_randombox_mobloot_big","quantity":1,"weight":1}]}},{"id":"loot_mobdrop_normal","groups":{"items":[{"rewardType":"item_randombox_mobloot_medium","quantity":1,"weight":1}]}},{"id":"loot_mobdrop_snowstorm","groups":{"items":[{"rewardType":"item_randombox_mobloot_weapons","quantity":1,"weight":1}]}},{"id":"loot_mobdrop_thanksgiving","groups":{"items":[{"rewardType":"item_turkey_whole","quantity":1,"weight":1},{"rewardType":"item_turkey_leg","quantity":1,"weight":2},{"rewardType":"item_apple","quantity":1,"weight":2},{"rewardType":"item_cracker","quantity":1,"weight":2},{"rewardType":"item_pumpkin_pie","quantity":1,"weight":2}]}},{"id":"loot_mobdrop_valentine","groups":{"items":[{"rewardType":"item_heartchocolatebox","quantity":1,"weight":1}]}},{"id":"loot_mobdrop_weapon_3","groups":{"items":[{"rewardType":"item_randombox_mobloot_weapons","quantity":1,"weight":1}]}},{"id":"loot_mobdrop_zombie","groups":{"items":[{"rewardType":"nothing","quantity":1,"weight":5},{"rewardType":"item_randombox_mobloot_zombie","quantity":1,"weight":2},{"rewardType":"pickup_net_nuts","quantity":10,"weight":7},{"rewardType":"pickup_net_ammo","quantity":3,"weight":60},{"rewardType":"item_quest_gy_skull","quantity":1,"weight":5},{"rewardType":"item_quest_gy_skull_special","quantity":1,"weight":1}]}},{"id":"loot_randombox_all","groups":{"items":[{"rewardType":"item_backpack","quantity":1,"weight":10},{"rewardType":"item_backpack_black","quantity":1,"weight":10},{"rewardType":"item_backpack_green","quantity":1,"weight":10},{"rewardType":"item_backpack_pink","quantity":1,"weight":10},{"rewardType":"item_backpack_white","quantity":1,"weight":10},{"rewardType":"item_backpack_with_flashlight","quantity":1,"weight":7},{"rewardType":"item_banana","quantity":1,"weight":10},{"rewardType":"item_big_cup","quantity":1,"weight":10},{"rewardType":"item_boombox","quantity":1,"weight":10},{"rewardType":"item_cola","quantity":1,"weight":10},{"rewardType":"item_cola_large","quantity":1,"weight":7},{"rewardType":"item_crate","quantity":1,"weight":1},{"rewardType":"item_crossbow","quantity":1,"weight":5},{"rewardType":"item_crowbar","quantity":1,"weight":7},{"rewardType":"item_disposable_camera","quantity":1,"weight":10},{"rewardType":"item_egg","quantity":1,"weight":5},{"rewardType":"item_flaregun","quantity":1,"weight":10},{"rewardType":"item_flashbang","quantity":1,"weight":10},{"rewardType":"item_flashlight","quantity":1,"weight":10},{"rewardType":"item_flashlight_mega","quantity":1,"weight":5},{"rewardType":"item_flashlight_red","quantity":1,"weight":10},{"rewardType":"item_goldbar","quantity":1,"weight":5},{"rewardType":"item_grenade","quantity":1,"weight":10},{"rewardType":"item_heart_chunk","quantity":1,"weight":7},{"rewardType":"item_heart_gun","quantity":1,"weight":3},{"rewardType":"item_hh_key","quantity":1,"weight":5},{"rewardType":"item_hoverpad","quantity":1,"weight":7},{"rewardType":"item_jetpack","quantity":1,"weight":10},{"rewardType":"item_large_banana","quantity":1,"weight":7},{"rewardType":"item_nut","quantity":1,"weight":10},{"rewardType":"item_painting_canvas","quantity":1,"weight":10},{"rewardType":"item_pelican_case","quantity":1,"weight":2},{"rewardType":"item_pipe","quantity":1,"weight":10},{"rewardType":"item_plunger","quantity":1,"weight":10},{"rewardType":"item_pogostick","quantity":1,"weight":10},{"rewardType":"item_pumpkinjack","quantity":1,"weight":7},{"rewardType":"item_pumpkinjack_small","quantity":1,"weight":10},{"rewardType":"item_rubberducky","quantity":1,"weight":10},{"rewardType":"item_ruby","quantity":1,"weight":7},{"rewardType":"item_shotgun","quantity":1,"weight":1},{"rewardType":"item_shotgun_ammo","quantity":1,"weight":3},{"rewardType":"item_tablet","quantity":1,"weight":10},{"rewardType":"item_toilet_paper","quantity":1,"weight":10},{"rewardType":"item_toilet_paper_mega","quantity":1,"weight":10},{"rewardType":"item_toilet_paper_roll_empty","quantity":1,"weight":10},{"rewardType":"item_tripwire_explosive","quantity":1,"weight":7},{"rewardType":"item_trophy","quantity":1,"weight":7},{"rewardType":"item_umbrella","quantity":1,"weight":10},{"rewardType":"item_upsidedown_loot","quantity":1,"weight":5},{"rewardType":"item_uranium_chunk_l","quantity":1,"weight":5},{"rewardType":"item_uranium_chunk_m","quantity":1,"weight":5},{"rewardType":"item_uranium_chunk_s","quantity":1,"weight":5},{"rewardType":"item_whoopie","quantity":1,"weight":10}]}},{"id":"loot_randombox_mobloot_big","groups":{"items":[{"rewardType":"item_revolver_ammo","quantity":1,"weight":15},{"rewardType":"item_rpg_ammo","quantity":1,"weight":15},{"rewardType":"item_shotgun_ammo","quantity":1,"weight":15},{"rewardType":"item_revolver","quantity":1,"weight":10},{"rewardType":"item_shotgun","quantity":1,"weight":10},{"rewardType":"item_rpg","quantity":1,"weight":10},{"rewardType":"item_crossbow","quantity":1,"weight":10},{"rewardType":"item_grenade","quantity":1,"weight":10},{"rewardType":"item_flashbang","quantity":1,"weight":10},{"rewardType":"item_cluster_grenade","quantity":1,"weight":10},{"rewardType":"item_company_ration","quantity":1,"weight":10},{"rewardType":"item_hookshot","quantity":1,"weight":5},{"rewardType":"item_shield","quantity":1,"weight":5},{"rewardType":"item_ogre_hands","quantity":1,"weight":5},{"rewardType":"item_heart_gun","quantity":1,"weight":5},{"rewardType":"item_hoverpad","quantity":1,"weight":5},{"rewardType":"item_crowbar","quantity":1,"weight":5},{"rewardType":"item_lance","quantity":1,"weight":5},{"rewardType":"item_cluster_grenade","quantity":1,"weight":5},{"rewardType":"item_zipline_gun","quantity":1,"weight":5},{"rewardType":"item_quiver","quantity":1,"weight":5},{"rewardType":"item_shredder","quantity":1,"weight":5},{"rewardType":"item_pinata_bat","quantity":1,"weight":5},{"rewardType":"item_shield_viking_1","quantity":1,"weight":5},{"rewardType":"item_flamethrower","quantity":1,"weight":1},{"rewardType":"item_stellarsword_blue","quantity":1,"weight":1},{"rewardType":"item_momboss_box","quantity":1,"weight":1},{"rewardType":"item_pistol_dragon","quantity":1,"weight":1},{"rewardType":"item_shotgun_viper","quantity":1,"weight":1},{"rewardType":"item_rpg_smshr","quantity":1,"weight":1},{"rewardType":"item_needle","quantity":1,"weight":1},{"rewardType":"item_broom","quantity":1,"weight":1},{"rewardType":"item_beans","quantity":1,"weight":1},{"rewardType":"item_pumpkin_bomb","quantity":1,"weight":1},{"rewardType":"item_flamethrower_skull","quantity":1,"weight":1},{"rewardType":"item_axe","quantity":1,"weight":1},{"rewardType":"item_umbrella_squirrel","quantity":1,"weight":1},{"rewardType":"item_boomerang","quantity":1,"weight":1},{"rewardType":"item_alphablade","quantity":1,"weight":1}]}},{"id":"loot_randombox_mobloot_medium","groups":{"items":[{"rewardType":"item_revolver_ammo","quantity":1,"weight":15},{"rewardType":"item_rpg_ammo","quantity":1,"weight":15},{"rewardType":"item_shotgun_ammo","quantity":1,"weight":15},{"rewardType":"item_revolver","quantity":1,"weight":10},{"rewardType":"item_shotgun","quantity":1,"weight":10},{"rewardType":"item_rpg","quantity":1,"weight":10},{"rewardType":"item_crossbow","quantity":1,"weight":10},{"rewardType":"item_grenade","quantity":1,"weight":10},{"rewardType":"item_flashbang","quantity":1,"weight":10},{"rewardType":"item_cluster_grenade","quantity":1,"weight":10},{"rewardType":"item_company_ration","quantity":1,"weight":10},{"rewardType":"item_crowbar","quantity":1,"weight":5},{"rewardType":"item_lance","quantity":1,"weight":5},{"rewardType":"item_zipline_gun","quantity":1,"weight":5},{"rewardType":"item_hookshot","quantity":1,"weight":5},{"rewardType":"item_heart_gun","quantity":1,"weight":5},{"rewardType":"item_hoverpad","quantity":1,"weight":5},{"rewardType":"item_crowbar","quantity":1,"weight":5},{"rewardType":"item_lance","quantity":1,"weight":5},{"rewardType":"item_cluster_grenade","quantity":1,"weight":5},{"rewardType":"item_zipline_gun","quantity":1,"weight":5},{"rewardType":"item_quiver","quantity":1,"weight":5},{"rewardType":"item_shredder","quantity":1,"weight":5},{"rewardType":"item_pinata_bat","quantity":1,"weight":5}]}},{"id":"loot_randombox_mobloot_small","groups":{"items":[{"rewardType":"item_revolver_ammo","quantity":1,"weight":1},{"rewardType":"item_rpg_ammo","quantity":1,"weight":1},{"rewardType":"item_shotgun_ammo","quantity":1,"weight":1},{"rewardType":"item_revolver","quantity":1,"weight":1},{"rewardType":"item_shotgun","quantity":1,"weight":1},{"rewardType":"item_rpg","quantity":1,"weight":1},{"rewardType":"item_crossbow","quantity":1,"weight":1},{"rewardType":"item_grenade","quantity":1,"weight":1},{"rewardType":"item_flashbang","quantity":1,"weight":1},{"rewardType":"item_cluster_grenade","quantity":1,"weight":1},{"rewardType":"item_company_ration","quantity":1,"weight":1}]}},{"id":"loot_randombox_mobloot_weapons","groups":{"items":[{"rewardType":"item_revolver_ammo","quantity":2,"weight":3},{"rewardType":"item_rpg_ammo","quantity":2,"weight":3},{"rewardType":"item_shotgun_ammo","quantity":2,"weight":3},{"rewardType":"item_revolver","quantity":1,"weight":1},{"rewardType":"item_shotgun","quantity":1,"weight":1},{"rewardType":"item_rpg","quantity":1,"weight":1},{"rewardType":"item_grenade","quantity":1,"weight":1},{"rewardType":"item_flashbang","quantity":1,"weight":1},{"rewardType":"item_cluster_grenade","quantity":1,"weight":1},{"rewardType":"item_company_ration","quantity":1,"weight":1},{"rewardType":"item_pinata_bat","quantity":1,"weight":1},{"rewardType":"item_flamethrower","quantity":1,"weight":1},{"rewardType":"item_stellarsword_blue","quantity":1,"weight":1},{"rewardType":"item_grenade_launcher","quantity":1,"weight":1},{"rewardType":"item_pistol_dragon","quantity":1,"weight":1},{"rewardType":"item_shotgun_viper","quantity":1,"weight":1},{"rewardType":"item_rpg_smshr","quantity":1,"weight":1},{"rewardType":"item_needle","quantity":1,"weight":1},{"rewardType":"item_pumpkin_bomb","quantity":1,"weight":1},{"rewardType":"item_flamethrower_skull","quantity":1,"weight":1},{"rewardType":"item_axe","quantity":1,"weight":1},{"rewardType":"item_boomerang","quantity":1,"weight":1},{"rewardType":"item_alphablade","quantity":1,"weight":1}]}},{"id":"loot_randombox_mobloot_zombie","groups":{"items":[{"rewardType":"item_revolver","quantity":1,"weight":1},{"rewardType":"item_shotgun","quantity":1,"weight":1},{"rewardType":"item_revolver_ammo","quantity":1,"weight":2},{"rewardType":"item_shotgun_ammo","quantity":1,"weight":2},{"rewardType":"item_bloodlust_vial","quantity":1,"weight":5},{"rewardType":"item_zombie_meat","quantity":1,"weight":2},{"rewardType":"item_ac_cola","quantity":1,"weight":5}]}},{"id":"loot_randombox_pumpkin","groups":{"items":[{"rewardType":"item_crossbow","quantity":1,"weight":1},{"rewardType":"item_crowbar","quantity":1,"weight":1},{"rewardType":"item_flaregun","quantity":1,"weight":1},{"rewardType":"item_flashbang","quantity":1,"weight":1},{"rewardType":"item_flashlight_mega","quantity":1,"weight":1},{"rewardType":"item_grenade","quantity":1,"weight":1},{"rewardType":"item_pumpkinjack","quantity":1,"weight":1},{"rewardType":"item_shotgun","quantity":1,"weight":1},{"rewardType":"item_shotgun_ammo","quantity":1,"weight":1},{"rewardType":"item_tripwire_explosive","quantity":1,"weight":1}]}},{"id":"loot_randombox_pumpkin_small","groups":{"items":[{"rewardType":"item_crowbar","quantity":1,"weight":1},{"rewardType":"item_flaregun","quantity":1,"weight":1},{"rewardType":"item_flashbang","quantity":1,"weight":1},{"rewardType":"item_flashlight_mega","quantity":1,"weight":1},{"rewardType":"item_grenade","quantity":1,"weight":1},{"rewardType":"item_jetpack","quantity":1,"weight":1},{"rewardType":"item_pipe","quantity":1,"weight":1},{"rewardType":"item_plunger","quantity":1,"weight":1},{"rewardType":"item_pogostick","quantity":1,"weight":1},{"rewardType":"item_pumpkinjack_small","quantity":1,"weight":1},{"rewardType":"item_tripwire_explosive","quantity":1,"weight":1},{"rewardType":"item_umbrella","quantity":1,"weight":1}]}},{"id":"loot_ore_rp","groups":{"cc":[{"rewardType":"cc","quantity":5,"weight":5},{"rewardType":"nothing","weight":95}],"rp":[{"rewardType":"rp","quantity":1,"weight":15},{"rewardType":"nothing","weight":85}]}},{"id":"loot_ore_rp_big","groups":{"nuts":[{"rewardType":"nuts","quantity":250,"weight":10},{"rewardType":"nothing","weight":90}],"cc":[{"rewardType":"cc","quantity":5,"weight":5},{"rewardType":"nothing","weight":95}],"rp":[{"rewardType":"rp","quantity":1,"weight":50},{"rewardType":"nothing","quantity":1,"weight":50}],"items":[{"rewardType":"item_randombox_mobloot_big","quantity":1,"weight":100}]}},{"id":"loot_ore_copper","groups":{"nuts":[{"rewardType":"nuts","quantity":20,"weight":10},{"rewardType":"nothing","weight":90}],"cc":[{"rewardType":"cc","quantity":5,"weight":1},{"rewardType":"nothing","weight":99}],"rp":[{"rewardType":"rp","quantity":1},{"rewardType":"nothing","weight":99}],"item":[{"rewardType":"nothing","weight":2},{"rewardType":"item_ore_copper_s","quantity":1,"weight":3},{"rewardType":"item_ore_copper_m","quantity":1,"weight":2},{"rewardType":"item_ore_copper_l","quantity":1,"weight":1}]}},{"id":"loot_ore_silver","groups":{"nuts":[{"rewardType":"nuts","quantity":50,"weight":20},{"rewardType":"nothing","weight":80}],"cc":[{"rewardType":"cc","quantity":5,"weight":5},{"rewardType":"nothing","weight":95}],"rp":[{"rewardType":"rp","quantity":1},{"rewardType":"nothing","weight":99}],"items":[{"rewardType":"item_ore_silver_s","quantity":1,"weight":1},{"rewardType":"item_ore_silver_m","quantity":1,"weight":3},{"rewardType":"item_ore_silver_l","quantity":1,"weight":2}]}},{"id":"loot_ore_gold","groups":{"nuts":[{"rewardType":"nuts","quantity":20,"weight":80},{"rewardType":"nothing","weight":20}],"cc":[{"rewardType":"cc","quantity":5,"weight":50},{"rewardType":"nothing","weight":50}],"rp":[{"rewardType":"rp","quantity":1},{"rewardType":"nothing","weight":99}],"items":[{"rewardType":"nothing","weight":6},{"rewardType":"item_ore_gold_s","quantity":1,"weight":3},{"rewardType":"item_ore_gold_m","quantity":1,"weight":2},{"rewardType":"item_ore_gold_l","quantity":1,"weight":1}]}},{"id":"loot_ore_uranium","groups":{"cc":[{"rewardType":"cc","quantity":5,"weight":7},{"rewardType":"nothing","weight":92}],"rp":[{"rewardType":"rp","quantity":1,"weight":3},{"rewardType":"nothing","weight":97}],"items":[{"rewardType":"nothing","weight":2},{"rewardType":"item_uranium_chunk_s","quantity":1,"weight":3},{"rewardType":"item_uranium_chunk_m","quantity":1,"weight":2},{"rewardType":"item_uranium_chunk_l","quantity":1,"weight":1}]}},{"id":"loot_ore_garbage","groups":{"nuts":[{"rewardType":"nuts","quantity":45,"weight":30},{"rewardType":"nothing","weight":70}],"cc":[{"rewardType":"cc","quantity":5,"weight":1},{"rewardType":"nothing","weight":98}],"rp":[{"rewardType":"rp","quantity":1},{"rewardType":"nothing","weight":99}],"items":[{"rewardType":"item_banana","quantity":1,"weight":6},{"rewardType":"item_large_banana","quantity":1,"weight":3},{"rewardType":"item_cola","quantity":1,"weight":6},{"rewardType":"item_cola_large","quantity":1,"weight":3},{"rewardType":"item_plunger","quantity":1,"weight":4},{"rewardType":"item_goldbar","quantity":1,"weight":1},{"rewardType":"item_ruby","quantity":1,"weight":1},{"rewardType":"item_trophy","quantity":1,"weight":1},{"rewardType":"item_big_cup","quantity":1,"weight":3},{"rewardType":"item_toilet_paper","quantity":1,"weight":4},{"rewardType":"item_toilet_paper_roll_empty","quantity":1,"weight":1},{"rewardType":"item_toilet_paper_mega","quantity":1,"weight":1},{"rewardType":"item_rubberducky","quantity":1,"weight":1},{"rewardType":"item_crate","quantity":1,"weight":1},{"rewardType":"item_umbrella","quantity":1,"weight":3},{"rewardType":"item_whoopie","quantity":1,"weight":2},{"rewardType":"item_nut","quantity":1,"weight":1},{"rewardType":"item_pipe","quantity":1,"weight":1},{"rewardType":"item_pogostick","quantity":1,"weight":1}]}},{"id":"loot_ore_heartmatter","groups":{"cc":[{"rewardType":"cc","quantity":5,"weight":3},{"rewardType":"nothing","weight":97}],"rp":[{"rewardType":"rp","quantity":1},{"rewardType":"nothing","weight":99}],"items":[{"rewardType":"item_heart_chunk","quantity":1,"weight":1}]}},{"id":"loot_ore_heartmatter_blue","groups":{"cc":[{"rewardType":"cc","quantity":5,"weight":5},{"rewardType":"nothing","weight":95}],"rp":[{"rewardType":"rp","quantity":1},{"rewardType":"nothing","weight":99}],"items":[{"rewardType":"item_upsidedown_loot","quantity":1,"weight":1}]}},{"id":"loot_ore_hell","groups":{"nuts":[{"rewardType":"nuts","quantity":25,"weight":80},{"rewardType":"nothing","weight":20}],"cc":[{"rewardType":"cc","quantity":5,"weight":8},{"rewardType":"nothing","weight":92}],"rp":[{"rewardType":"rp","quantity":1,"weight":3},{"rewardType":"nothing","weight":97}],"items":[{"rewardType":"item_ore_hell","quantity":3,"weight":1}]}},{"id":"loot_ore_teleporter","groups":{}},{"id":"loot_ore_duck","groups":{"cc":[{"rewardType":"cc","quantity":5,"weight":8},{"rewardType":"nothing","weight":92}],"rp":[{"rewardType":"rp","quantity":1,"weight":7},{"rewardType":"nothing","weight":93}],"items":[{"rewardType":"item_rubberducky","quantity":1,"weight":88},{"rewardType":"nothing","weight":12}]}},{"id":"loot_ore_nuts","groups":{"nuts":[{"rewardType":"nuts","quantity":35,"weight":1}],"cc":[{"rewardType":"cc","quantity":5},{"rewardType":"nothing","weight":99}],"rp":[{"rewardType":"rp","quantity":1},{"rewardType":"nothing","weight":9}]}},{"id":"loot_ore_brainmatter","groups":{"cc":[{"rewardType":"cc","quantity":5,"weight":10},{"rewardType":"nothing","weight":90}],"rp":[{"rewardType":"rp","quantity":1,"weight":25},{"rewardType":"nothing","weight":75}],"items":[{"rewardType":"item_brain_chunk","quantity":1,"weight":100}]}},{"id":"loot_ore_arena_emerald","groups":{"items":[{"rewardType":"item_uranium_chunk_m","quantity":1,"weight":1}]}},{"id":"loot_ore_arena_gold","groups":{"items":[{"rewardType":"item_ore_gold_m","quantity":1,"weight":1}]}},{"id":"loot_ore_arena_health","groups":{}},{"id":"loot_ore_arena","groups":{"cc":[{"rewardType":"nothing","weight":95},{"rewardType":"cc","quantity":5,"weight":5}],"rp":[{"rewardType":"rp","quantity":1,"weight":1},{"rewardType":"nothing","weight":99}],"items":[{"rewardType":"item_flashbang","quantity":1,"weight":2},{"rewardType":"item_grenade","quantity":1,"weight":2},{"rewardType":"item_jetpack","quantity":1,"weight":2},{"rewardType":"item_tele_grenade","quantity":1,"weight":2},{"rewardType":"item_rpg","quantity":1,"weight":1},{"rewardType":"item_cluster_grenade","quantity":1,"weight":2},{"rewardType":"item_dynamite","quantity":1,"weight":3},{"rewardType":"item_impulse_grenade","quantity":1,"weight":2},{"rewardType":"item_sticky_dynamite","quantity":1,"weight":2},{"rewardType":"item_stash_grenade","quantity":1,"weight":2},{"rewardType":"item_anti_gravity_grenade","quantity":1,"weight":2}]}},{"id":"loot_ore_arena_teams","groups":{"cc":[{"rewardType":"cc","quantity":5,"weight":6},{"rewardType":"nothing","weight":94}],"rp":[{"rewardType":"rp","quantity":1,"weight":3},{"rewardType":"nothing","weight":97}]}},{"id":"loot_garbage_event","groups":{"nuts":[{"rewardType":"nuts","quantity":45,"weight":30},{"rewardType":"nothing","weight":70}],"cc":[{"rewardType":"cc","quantity":5,"weight":1},{"rewardType":"nothing","weight":98}],"rp":[{"rewardType":"rp","quantity":1},{"rewardType":"nothing","weight":99}],"items":[{"rewardType":"item_banana","quantity":1,"weight":6},{"rewardType":"item_large_banana","quantity":1,"weight":3},{"rewardType":"item_cola","quantity":1,"weight":6},{"rewardType":"item_cola_large","quantity":1,"weight":3},{"rewardType":"item_plunger","quantity":1,"weight":4},{"rewardType":"item_goldbar","quantity":1,"weight":1},{"rewardType":"item_ruby","quantity":1,"weight":1},{"rewardType":"item_trophy","quantity":1,"weight":1},{"rewardType":"item_big_cup","quantity":1,"weight":3},{"rewardType":"item_toilet_paper","quantity":1,"weight":4},{"rewardType":"item_toilet_paper_roll_empty","quantity":1,"weight":1},{"rewardType":"item_toilet_paper_mega","quantity":1,"weight":1},{"rewardType":"item_rubberducky","quantity":1,"weight":1},{"rewardType":"item_crate","quantity":1,"weight":1},{"rewardType":"item_umbrella","quantity":1,"weight":3},{"rewardType":"item_whoopie","quantity":1,"weight":2},{"rewardType":"item_nut","quantity":1,"weight":1},{"rewardType":"item_pipe","quantity":1,"weight":1},{"rewardType":"item_pogostick","quantity":1,"weight":1}]}},{"id":"loot_spawner_lobby_cheese","groups":{"items":[{"rewardType":"item_stinky_cheese","quantity":1,"weight":1}]}},{"id":"loot_spawner_inside_stash","groups":{"items":[{"rewardType":"item_stash_grenade","quantity":1,"weight":1}]}},{"id":"loot_spawner_moon_antigravity_grenade","groups":{"items":[{"rewardType":"item_anti_gravity_grenade","quantity":1,"weight":1}]}},{"id":"loot_spawner_dam_loading_robo_monke","groups":{"items":[{"rewardType":"item_robo_monke","quantity":1,"weight":1}]}},{"id":"loot_spawner_goopfish","groups":{"items":[{"rewardType":"item_goopfish","quantity":1,"weight":1}]}},{"id":"loot_spawner_lake_buoy","groups":{"items":[{"rewardType":"item_ring_buoy","quantity":1,"weight":1}]}},{"id":"loot_spawner_toiletflush","groups":{"items":[{"rewardType":"item_rubberducky","quantity":1,"weight":1},{"rewardType":"item_toilet_paper","quantity":1,"weight":1},{"rewardType":"item_toilet_paper_roll_empty","quantity":1,"weight":1},{"rewardType":"item_whoopie","quantity":1,"weight":1}]}},{"id":"loot_ore_graveyard","groups":{"items":[{"rewardType":"item_stick_bone","quantity":1,"weight":2},{"rewardType":"item_stick_armbones","quantity":1,"weight":2},{"rewardType":"item_quest_key_graveyard","quantity":1,"weight":1},{"rewardType":"item_quest_gy_skull","quantity":1,"weight":2},{"rewardType":"item_revolver","quantity":1,"weight":1},{"rewardType":"item_shovel","quantity":1,"weight":1},{"rewardType":"nothing","quantity":1,"weight":4}]}},{"id":"loot_gy_boss","groups":{"rare":[{"rewardType":"item_flamethrower_skull_ruby","quantity":1,"weight":5},{"rewardType":"nothing","quantity":1,"weight":95}],"items":[{"rewardType":"item_flamethrower_skull","quantity":3,"weight":100}]}},{"id":"loot_quest_hell_flesh","groups":{"items":[{"rewardType":"item_quest_hlal_flesh","quantity":2,"weight":1}]}},{"id":"loot_quest_hell_brain","groups":{"items":[{"rewardType":"item_quest_hlal_brain","quantity":1,"weight":1}]}},{"id":"loot_quest_hell_heart","groups":{"items":[{"rewardType":"item_quest_hlal_heart","quantity":1,"weight":1}]}},{"id":"loot_quest_hell_eye","groups":{"items":[{"rewardType":"item_quest_hlal_eyeball","quantity":2,"weight":1}]}},{"id":"loot_circus_token","groups":{"items":[{"rewardType":"item_token_circus","quantity":1,"weight":1}]}},{"id":"loot_circus_daycare","groups":{"items":[{"rewardType":"item_d20","quantity":1,"weight":2},{"rewardType":"item_whoopie","quantity":1,"weight":2},{"rewardType":"item_football","quantity":1,"weight":2},{"rewardType":"item_balloon","quantity":1,"weight":1},{"rewardType":"item_hawaiian_drum","quantity":1,"weight":1},{"rewardType":"item_finger_board","quantity":1,"weight":2},{"rewardType":"item_gameboy","quantity":1,"weight":1},{"rewardType":"item_rare_card","quantity":1,"weight":1},{"rewardType":"item_ac_cola","quantity":1,"weight":1},{"rewardType":"item_beans","quantity":1,"weight":2},{"rewardType":"item_burrito","quantity":1,"weight":2},{"rewardType":"item_banana_chips","quantity":1,"weight":1}]}},{"id":"loot_only_crates","groups":{"items":[{"rewardType":"item_crate","quantity":1,"weight":1}]}},{"id":"loot_wheelhandle","groups":{"items":[{"rewardType":"item_crate","quantity":1,"weight":1}]}},{"id":"loot_momboss_box","groups":{"items":[{"rewardType":"item_pickaxe_realistic","quantity":1,"weight":1},{"rewardType":"item_flipflop_realistic","quantity":1,"weight":1},{"rewardType":"item_backpack_realistic","quantity":1,"weight":1}]}}]