{"gitHash":"f344fcbb","fileSignatures":{"econ_avatar_items.json":"w8JKstauvFLO9y1gnakpN57k4f+54jwxjTLgRs3mS7AyKaCqhB6sW2D9KhXl6Xfd+cnmpWBVC7449z32vmHUDw==","econ_crafting_materials.json":"ryueiCSXKsCANVbwU1EMlFQCOCBgimzaIHxX2eQrXvjFrBPaqRTcog82xLGISQvxkhrxM48OaHNa9LIMDRXWBQ==","econ_gameplay_items.json":"NxMz57JT85WmTtgsxLNjxzE/cT6foDfqr0hsRA3NsGOCaePdHT/22P/TaNYiCgaUGRvY5yP9hUpCwNJQjMgOCg==","econ_products.json":"vkaXiCDb5PrOFBBUZv83Wz98vPZ/QgGQph3XJQiJCLOVqMxJJEp1GmRJKzDDJjWRtGj/CbqCJO0O4S1L3zvzCg==","econ_skill_tree.json":"D429bOahlM6Krd7zBP4swg/NFJ9beaZkZiBjnmMMj3yiaXitc04cL22Xp04kUknAF8GbSxTOeezRRhS4OXyHAw==","econ_upgrades.json":"JMQG9cx7g1bArdF/P0HaxtFjl6VNmGHazxoVCMqkjQZlIhKJo8vuOX/GlLtcdiKDYtXaXipnfOkF6wDPEENEDw==","econ_loot_table.json":"tUogbKrXJWzMtIq7lD1Ttn3S86rnYSUGnfWCWAEErUP+RFwXPcz5vMneU4CwCKIQ2d5Hw4dPNSsmzX1hRshGCA==","econ_loot_table_bindings.json":"vwzhb6ixrMnpmap8RUc9zyxhZYuy2IGHIkL5Z6SDmtT1+VdbqZljrrtuuHt0C0d47wC80iHyrr9J9xgiWbTEAQ==","econ_events.json":"EgJjO+prFnm0d33sMFmrcS/uhROZO9LKgoZNlkB/nFu2k7pFWbB7AfXjQ7hjEK/d7KLCSomn3U8XSPkuqghMDA=="}}