[{"id":"item_apple","netID":71,"name":"Apple","description":"An apple a day keeps the doctor away!","category":"Consumables","price":200,"value":7,"isLoot":true,"isPurchasable":false,"isUnique":false,"isDevOnly":false},{"id":"item_arrow","netID":103,"name":"Arrow","description":"Can be attached to the crossbow.","category":"Ammo","price":199,"value":8,"isLoot":false,"isPurchasable":true,"isUnique":false,"isDevOnly":false},{"id":"item_arrow_heart","netID":116,"name":"Heart Arrow","description":"A love-themed arrow that will have your targets seeing hearts! ","category":"Ammo","price":199,"value":8,"isLoot":false,"isPurchasable":true,"isUnique":false,"isDevOnly":false},{"id":"item_arrow_lightbulb","netID":105,"name":"Lightbulb Arrow","description":"An arrow that illuminates the surrounding area.","category":"Ammo","price":249,"value":10,"isLoot":false,"isPurchasable":true,"isUnique":false,"isDevOnly":false},{"id":"item_backpack","netID":1,"name":"Backpack","description":"The perfect adventurers pack. Has a base capacity of 10 items.","category":"Bags","price":49,"value":2,"isLoot":false,"isPurchasable":true,"isUnique":false,"isDevOnly":false},{"id":"item_backpack_black","netID":2,"name":"Black Backpack","description":"The perfect adventurers pack. Has a base capacity of 10 items. Now in a stylish Black!","category":"Hidden","price":49,"value":2,"isLoot":false,"isPurchasable":true,"isUnique":false,"isDevOnly":false},{"id":"item_backpack_green","netID":3,"name":"Green Backpack","description":"The perfect adventurers pack. Has a base capacity of 10 items. Now in a stylish Green!","category":"Hidden","price":49,"value":2,"isLoot":false,"isPurchasable":true,"isUnique":false,"isDevOnly":false},{"id":"item_backpack_large_base","netID":88,"name":"Large Backpack","description":"A massive pack with an extended capacity. Has a base capacity of 20 items.","category":"Bags","price":299,"value":15,"isLoot":false,"isPurchasable":true,"isUnique":false,"isDevOnly":false},{"id":"item_backpack_large_basketball","netID":138,"name":"Large Basketball Print Backpack","description":"A massive pack with an extended capacity. Has a base capacity of 20 items.","category":"Bags","price":299,"value":15,"isLoot":false,"isPurchasable":true,"isUnique":false,"isDevOnly":false},{"id":"item_backpack_large_clover","netID":137,"name":"Large Clover Print Backpack","description":"A massive pack with an extended capacity. Has a base capacity of 20 items.","category":"Bags","price":299,"value":15,"isLoot":false,"isPurchasable":true,"isUnique":false,"isDevOnly":false},{"id":"item_backpack_pink","netID":4,"name":"Pink Backpack","description":"The perfect adventurers pack. Has a base capacity of 10 items. Now in a stylish Pink!","category":"Hidden","price":49,"value":2,"isLoot":false,"isPurchasable":true,"isUnique":false,"isDevOnly":false},{"id":"item_backpack_small_base","netID":87,"name":"Small Backpack","description":"Has a base capacity of 5 items.","category":"Bags","price":29,"value":1,"isLoot":false,"isPurchasable":true,"isUnique":false,"isDevOnly":false},{"id":"item_backpack_white","netID":5,"name":"White Backpack","description":"The perfect adventurers pack. Has a base capacity of 10 items. Now in a stylish White!","category":"Hidden","price":49,"value":2,"isLoot":false,"isPurchasable":true,"isUnique":false,"isDevOnly":false},{"id":"item_backpack_with_flashlight","netID":6,"name":"Backpack with Flashlight","description":"The perfect combination. Lights up dark hallways and has a base capacity of 10 items.","category":"Hidden","price":499,"value":35,"isLoot":false,"isPurchasable":true,"isUnique":false,"isDevOnly":false},{"id":"item_balloon","netID":75,"name":"Balloon","description":"A tool that helps you defy gravity...but not too much.","category":"Toys","price":149,"value":12,"isLoot":false,"isPurchasable":true,"isUnique":false,"isDevOnly":false},{"id":"item_balloon_heart","netID":115,"name":"Heart Balloon","description":"Heart shaped balloon! For when love has you floating on air!","category":"Toys","price":149,"value":12,"isLoot":false,"isPurchasable":true,"isUnique":false,"isDevOnly":false},{"id":"item_banana","netID":23,"name":"Banana","description":"Go bananas! Turn this in for Nuts.","category":"Hidden","price":2147483647,"value":25,"isLoot":true,"isPurchasable":false,"isUnique":false,"isDevOnly":false},{"id":"item_baseball_bat","netID":63,"name":"Baseball Bat","description":"A weapon that's great for hitting monsters out of the park.","category":"Weapons","price":349,"value":19,"isLoot":false,"isPurchasable":true,"isUnique":false,"isDevOnly":false},{"id":"item_big_cup","netID":38,"name":"Big Cup","description":"Much more valuable than a little cup. Turn it in for Nuts.","category":"Hidden","price":2147483647,"value":35,"isLoot":true,"isPurchasable":false,"isUnique":false,"isDevOnly":false},{"id":"item_boombox","netID":7,"name":"Boombox","description":"Carry this device around for vibes on the go!","category":"Gadgets","price":564,"value":3,"isLoot":false,"isPurchasable":false,"isUnique":false,"isDevOnly":false},{"id":"item_box_fan","netID":122,"name":"Box Fan","description":"It blows air.","category":"Gadgets","price":999,"value":36,"isLoot":false,"isPurchasable":true,"isUnique":false,"isDevOnly":false},{"id":"item_calculator","netID":126,"name":"Calculator","description":"Helpful for number crunching","category":"Loot","price":999,"value":32,"isLoot":true,"isPurchasable":false,"isUnique":false,"isDevOnly":false},{"id":"item_cardboard_box","netID":145,"name":"Cardboard Box","description":"","category":"Hidden","price":499,"value":20,"isLoot":false,"isPurchasable":false,"isUnique":false,"isDevOnly":false},{"id":"item_cash","netID":49,"name":"Cash","description":"Nothing beats cold, hard cash.","category":"Hidden","price":0,"value":500,"isLoot":false,"isPurchasable":false,"isUnique":false,"isDevOnly":true},{"id":"item_cash_mega_pile","netID":51,"name":"Cash Mega Pile","description":"The only thing that beats a pile of cash.","category":"Hidden","price":0,"value":50000,"isLoot":false,"isPurchasable":false,"isUnique":false,"isDevOnly":true},{"id":"item_cash_pile","netID":50,"name":"Cash Pile","description":"The only thing that beats cold hard cash.","category":"Hidden","price":0,"value":5000,"isLoot":false,"isPurchasable":false,"isUnique":false,"isDevOnly":true},{"id":"item_clapper","netID":78,"name":"Clapper","description":"Lights, camera, action!","category":"Toys","price":99,"value":1,"isLoot":false,"isPurchasable":true,"isUnique":false,"isDevOnly":false},{"id":"item_cluster_grenade","netID":80,"name":"Cluster Grenade","description":"One grenade, multiple explosions. It\u2019s like a fireworks show but with more danger.","category":"Explosives","price":599,"value":14,"isLoot":false,"isPurchasable":true,"isUnique":false,"isDevOnly":false},{"id":"item_cola","netID":25,"name":"Cola","description":"Bubbly sugar water. Turn this in for Nuts.","category":"Hidden","price":2147483647,"value":27,"isLoot":true,"isPurchasable":false,"isUnique":false,"isDevOnly":false},{"id":"item_cola_large","netID":26,"name":"Large Cola","description":"The regular size cola wasn't enough. Turn this in for Nuts.","category":"Hidden","price":2147483647,"value":49,"isLoot":true,"isPurchasable":false,"isUnique":false,"isDevOnly":false},{"id":"item_company_ration","netID":67,"name":"Company Ration","description":"Experimental sustenance. Eat for a boost in productivity. May have side effects.","category":"Consumables","price":219,"value":17,"isLoot":false,"isPurchasable":true,"isUnique":false,"isDevOnly":false},{"id":"item_company_ration_heal","netID":121,"name":"Company Ration","description":"Optimized for survival. Contents undisclosed.","category":"Consumables","price":219,"value":17,"isLoot":false,"isPurchasable":false,"isUnique":false,"isDevOnly":false},{"id":"item_cracker","netID":72,"name":"Cracker","description":"Some dry biscuits that would pair well with soup.","category":"Consumables","price":200,"value":4,"isLoot":true,"isPurchasable":false,"isUnique":false,"isDevOnly":false},{"id":"item_crate","netID":8,"name":"Crate","description":"Turn this in for Nuts.","category":"Hidden","price":2147483647,"value":500,"isLoot":true,"isPurchasable":false,"isUnique":false,"isDevOnly":false},{"id":"item_crossbow","netID":9,"name":"Crossbow","description":"Attach almost anything and launch to create improvised weapons.","category":"Weapons","price":1499,"value":47,"isLoot":false,"isPurchasable":true,"isUnique":false,"isDevOnly":false},{"id":"item_crossbow_heart","netID":117,"name":"Heart Crossbow","description":"A love-themed crossbow...because nothing says romance like a high-velocity declaration of love!","category":"Weapons","price":1499,"value":47,"isLoot":false,"isPurchasable":true,"isUnique":false,"isDevOnly":false},{"id":"item_crowbar","netID":10,"name":"Crowbar","description":"A versatile tool for smashing things and fighting monsters.","category":"Weapons","price":399,"value":23,"isLoot":false,"isPurchasable":true,"isUnique":false,"isDevOnly":false},{"id":"item_disc","netID":127,"name":"DVD","description":"May or may not contain a ripped copy of ROTK.","category":"Loot","price":999,"value":100,"isLoot":true,"isPurchasable":false,"isUnique":false,"isDevOnly":false},{"id":"item_disposable_camera","netID":11,"name":"Disposable Camera","description":"A digital camera. Take pictures of monsters and sell the camera for profit.","category":"Gadgets","price":199,"value":3,"isLoot":false,"isPurchasable":true,"isUnique":false,"isDevOnly":false},{"id":"item_dynamite","netID":83,"name":"Dynamite","description":"For when subtlety just isn't an option. Light the fuse and throw!","category":"Explosives","price":249,"value":21,"isLoot":false,"isPurchasable":true,"isUnique":false,"isDevOnly":false},{"id":"item_dynamite_cube","netID":143,"name":"Cube Dynamite","description":"For when subtlety just isn't an option. Light the fuse and throw!","category":"Explosives","price":249,"value":21,"isLoot":false,"isPurchasable":true,"isUnique":false,"isDevOnly":false},{"id":"item_egg","netID":27,"name":"Egg","description":"Beware its mother. Turn this in for Nuts.","category":"Hidden","price":2147483647,"value":308,"isLoot":true,"isPurchasable":false,"isUnique":true,"isDevOnly":false},{"id":"item_flaregun","netID":12,"name":"Flaregun","description":"Fires a single use flare that lights up the environment and stuns enemies caught in the explosion.","category":"Weapons","price":199,"value":20,"isLoot":false,"isPurchasable":true,"isUnique":false,"isDevOnly":false},{"id":"item_flashbang","netID":13,"name":"Flashbang","description":"Blind and deafen your enemies with an explosion and flash of bright light!","category":"Explosives","price":99,"value":10,"isLoot":false,"isPurchasable":true,"isUnique":false,"isDevOnly":false},{"id":"item_flashlight","netID":14,"name":"Flashlight","description":"Perfect for lighting up spooky corridors and ominous caverns.","category":"Gadgets","price":49,"value":4,"isLoot":false,"isPurchasable":true,"isUnique":false,"isDevOnly":false},{"id":"item_flashlight_mega","netID":15,"name":"Mega Flashlight","description":"Flood the room with light. World brightest flashlight.","category":"Gadgets","price":999,"value":35,"isLoot":false,"isPurchasable":true,"isUnique":false,"isDevOnly":false},{"id":"item_flashlight_red","netID":55,"name":"Red Flashlight","description":"Perfect for lighting up spooky corridors and ominous caverns. Now in red!","category":"Hidden","price":69,"value":5,"isLoot":false,"isPurchasable":true,"isUnique":false,"isDevOnly":false},{"id":"item_floppy3","netID":128,"name":"Floppy Disc","description":"A relic of a bygone era.","category":"Loot","price":999,"value":64,"isLoot":true,"isPurchasable":false,"isUnique":false,"isDevOnly":false},{"id":"item_floppy5","netID":129,"name":"Floppy Disc","description":"A relic of a bygone era.","category":"Loot","price":999,"value":64,"isLoot":true,"isPurchasable":false,"isUnique":false,"isDevOnly":false},{"id":"item_football","netID":62,"name":"Football","description":"For throwing, catching, and sometimes bonking someone on the head.","category":"Toys","price":99,"value":11,"isLoot":false,"isPurchasable":true,"isUnique":false,"isDevOnly":false},{"id":"item_frying_pan","netID":64,"name":"Frying Pan","description":"A weapon that's good for cooking eggs and cracking skulls.","category":"Weapons","price":399,"value":23,"isLoot":false,"isPurchasable":true,"isUnique":false,"isDevOnly":false},{"id":"item_glowstick","netID":79,"name":"Glowstick","description":"Produces a bright yellow light and is unaffected by gravity. Makes your hand feel fuzzy when held.","category":"Gadgets","price":99,"value":15,"isLoot":false,"isPurchasable":true,"isUnique":false,"isDevOnly":false},{"id":"item_goldbar","netID":28,"name":"Gold Bar","description":"Valuable metal. Turn this in for Nuts.","category":"Hidden","price":2147483647,"value":155,"isLoot":true,"isPurchasable":false,"isUnique":false,"isDevOnly":false},{"id":"item_grenade","netID":16,"name":"Impact Grenade","description":"A grenade that explodes on contact with any surface","category":"Explosives","price":249,"value":19,"isLoot":false,"isPurchasable":true,"isUnique":false,"isDevOnly":false},{"id":"item_heart_chunk","netID":48,"name":"Heart Chunk","description":"Turn this in for Nuts.","category":"Hidden","price":2147483647,"value":135,"isLoot":true,"isPurchasable":false,"isUnique":false,"isDevOnly":false},{"id":"item_heart_gun","netID":54,"name":"Heart Gun","description":"Experimental Technology. Can suck entities in or repel them.","category":"Weapons","price":1999,"value":34,"isLoot":false,"isPurchasable":true,"isUnique":false,"isDevOnly":false},{"id":"item_heartchocolatebox","netID":114,"name":"Heart Chocolate Box","description":"Happy Valentines Day! Gift this to someone sweet or eat it yourself!","category":"Consumables","price":200,"value":14,"isLoot":true,"isPurchasable":false,"isUnique":false,"isDevOnly":false},{"id":"item_hh_key","netID":29,"name":"Haunted House Key","description":"Unlocks a spooky door. Can be turned in for nuts.","category":"Hidden","price":2147483647,"value":200,"isLoot":true,"isPurchasable":false,"isUnique":false,"isDevOnly":true},{"id":"item_hookshot","netID":82,"name":"Hookshot","description":"A fancy, over-engineered grappling hook device.","category":"Gadgets","price":1999,"value":29,"isLoot":false,"isPurchasable":true,"isUnique":false,"isDevOnly":false},{"id":"item_hoverpad","netID":30,"name":"Hoverpad","description":"Activate to propel against the ground.","category":"Gadgets","price":4000,"value":230,"isLoot":false,"isPurchasable":true,"isUnique":false,"isDevOnly":false},{"id":"item_impulse_grenade","netID":89,"name":"Impulse Grenade","description":"Throw it and watch everyone around you get yeeted.","category":"Explosives","price":299,"value":22,"isLoot":false,"isPurchasable":true,"isUnique":false,"isDevOnly":false},{"id":"item_jetpack","netID":17,"name":"Jetpack","description":"Activate and hold on to fly into the sky.","category":"Gadgets","price":121,"value":11,"isLoot":false,"isPurchasable":true,"isUnique":false,"isDevOnly":false},{"id":"item_keycard","netID":125,"name":"Keycard","description":"An employee keycard, can be used to active canopy equipment.","category":"Loot","price":999,"value":99,"isLoot":true,"isPurchasable":false,"isUnique":false,"isDevOnly":false},{"id":"item_lance","netID":74,"name":"Lance","description":"A huge lance letting you attack from a distance.","category":"Weapons","price":499,"value":24,"isLoot":false,"isPurchasable":true,"isUnique":false,"isDevOnly":false},{"id":"item_large_banana","netID":24,"name":"Large Banana","description":"Probably grown from a larger tree. Turn this in for Nuts.","category":"Hidden","price":2147483647,"value":44,"isLoot":true,"isPurchasable":false,"isUnique":false,"isDevOnly":false},{"id":"item_mug","netID":130,"name":"Mug","description":"A simple mug.","category":"Loot","price":999,"value":24,"isLoot":true,"isPurchasable":false,"isUnique":false,"isDevOnly":false},{"id":"item_nut","netID":31,"name":"Nut","description":"Currency...the economy is nuts.","category":"Hidden","price":2147483647,"value":89,"isLoot":true,"isPurchasable":false,"isUnique":false,"isDevOnly":false},{"id":"item_ogre_hands","netID":66,"name":"Ogre Hands","description":"Green and mean, perfect for SMASHING enemies.","category":"Weapons","price":349,"value":21,"isLoot":false,"isPurchasable":true,"isUnique":false,"isDevOnly":false},{"id":"item_ore_copper_l","netID":95,"name":"Large Copper Chunk","description":"A conductive metal. Turn this in for Nuts.","category":"Loot","price":2147483647,"value":45,"isLoot":true,"isPurchasable":false,"isUnique":false,"isDevOnly":false},{"id":"item_ore_copper_m","netID":94,"name":"Copper Chunk","description":"A conductive metal. Turn this in for Nuts.","category":"Loot","price":2147483647,"value":32,"isLoot":true,"isPurchasable":false,"isUnique":false,"isDevOnly":false},{"id":"item_ore_copper_s","netID":93,"name":"Small Copper Chunk","description":"A conductive metal. Turn this in for Nuts.","category":"Loot","price":2147483647,"value":23,"isLoot":true,"isPurchasable":false,"isUnique":false,"isDevOnly":false},{"id":"item_ore_gold_l","netID":101,"name":"Large Gold Chunk","description":"Valuable metal. Turn this in for Nuts.","category":"Loot","price":2147483647,"value":165,"isLoot":true,"isPurchasable":false,"isUnique":false,"isDevOnly":false},{"id":"item_ore_gold_m","netID":100,"name":"Gold Chunk","description":"Valuable metal. Turn this in for Nuts.","category":"Loot","price":2147483647,"value":89,"isLoot":true,"isPurchasable":false,"isUnique":false,"isDevOnly":false},{"id":"item_ore_gold_s","netID":99,"name":"Small Gold Chunk","description":"Valuable metal. Turn this in for Nuts.","category":"Loot","price":2147483647,"value":45,"isLoot":true,"isPurchasable":false,"isUnique":false,"isDevOnly":false},{"id":"item_ore_hell","netID":113,"name":"Cinder","description":"It's warm to the touch.","category":"Loot","price":2147483647,"value":460,"isLoot":true,"isPurchasable":false,"isUnique":false,"isDevOnly":false},{"id":"item_ore_silver_l","netID":98,"name":"Large Silver Chunk","description":"Shiny. Turn this in for Nuts.","category":"Loot","price":2147483647,"value":75,"isLoot":true,"isPurchasable":false,"isUnique":false,"isDevOnly":false},{"id":"item_ore_silver_m","netID":97,"name":"Small Silver Chunk","description":"Shiny. Turn this in for Nuts.","category":"Loot","price":2147483647,"value":55,"isLoot":true,"isPurchasable":false,"isUnique":false,"isDevOnly":false},{"id":"item_ore_silver_s","netID":96,"name":"Silver Chunk","description":"Shiny. Turn this in for Nuts.","category":"Loot","price":2147483647,"value":25,"isLoot":true,"isPurchasable":false,"isUnique":false,"isDevOnly":false},{"id":"item_painting_canvas","netID":52,"name":"Painting Canvas","description":"A priceless worth of art...turn it in for some Nuts.","category":"Hidden","price":2147483647,"value":66,"isLoot":true,"isPurchasable":false,"isUnique":false,"isDevOnly":false},{"id":"item_paperpack","netID":131,"name":"Paper","description":"The finest paper straight from Pennsylvania","category":"Loot","price":999,"value":112,"isLoot":true,"isPurchasable":false,"isUnique":false,"isDevOnly":false},{"id":"item_pelican_case","netID":32,"name":"Black Crate","description":"Turn this in for Nuts.","category":"Hidden","price":2147483647,"value":1800,"isLoot":true,"isPurchasable":false,"isUnique":false,"isDevOnly":false},{"id":"item_pickaxe","netID":65,"name":"Pickaxe","description":"The only weapon that's equally good at both mining and maiming.","category":"Weapons","price":499,"value":27,"isLoot":false,"isPurchasable":true,"isUnique":false,"isDevOnly":false},{"id":"item_pickaxe_cny","netID":108,"name":"Gilded Pickaxe","description":"The only weapon that's equally good at both mining and maiming, but this one is gold plated. Gold is always better no?","category":"Weapons","price":499,"value":27,"isLoot":false,"isPurchasable":true,"isUnique":false,"isDevOnly":false},{"id":"item_pickaxe_cube","netID":142,"name":"Cube Pickaxe","description":"The only weapon that's equally good at both mining and maiming.","category":"Weapons","price":499,"value":27,"isLoot":false,"isPurchasable":true,"isUnique":false,"isDevOnly":false},{"id":"item_pipe","netID":33,"name":"Pipe","description":"A versatile tool for smashing things and a plumber's best friend.","category":"Hidden","price":2147483647,"value":105,"isLoot":true,"isPurchasable":false,"isUnique":false,"isDevOnly":false},{"id":"item_plunger","netID":34,"name":"Plunger","description":"Push against a wall to activate suction. Can be used to climb almost any surface.","category":"Gadgets","price":350,"value":75,"isLoot":true,"isPurchasable":true,"isUnique":false,"isDevOnly":false},{"id":"item_pogostick","netID":35,"name":"Pogostick","description":"Boing boing boing.","category":"Toys","price":1500,"value":44,"isLoot":true,"isPurchasable":true,"isUnique":false,"isDevOnly":false},{"id":"item_police_baton","netID":124,"name":"Police Baton (Crowbar)","description":"A crowbar variant. A versatile tool for smashing things and catching bad animals.","category":"Weapons","price":399,"value":23,"isLoot":false,"isPurchasable":true,"isUnique":false,"isDevOnly":false},{"id":"item_pumpkin_pie","netID":73,"name":"Pumpkin Pie","description":"A not-so-fresh pie that expired last Thanksgiving.","category":"Consumables","price":200,"value":5,"isLoot":true,"isPurchasable":false,"isUnique":false,"isDevOnly":false},{"id":"item_pumpkinjack","netID":56,"name":"Pumpkin Jack","description":"The perfect combo of Halloween spirit and spooky energy.","category":"Hidden","price":2000,"value":37,"isLoot":false,"isPurchasable":true,"isUnique":false,"isDevOnly":false},{"id":"item_pumpkinjack_small","netID":57,"name":"Small Pumpkin Jack","description":"Halloween spirit and spooky energy, now fun-sized.","category":"Hidden","price":700,"value":14,"isLoot":false,"isPurchasable":true,"isUnique":false,"isDevOnly":false},{"id":"item_quiver","netID":104,"name":"Quiver","description":"Carry many arrows. Can be equipped onto your hip or back.","category":"Bags","price":699,"value":28,"isLoot":false,"isPurchasable":true,"isUnique":false,"isDevOnly":false},{"id":"item_quiver_heart","netID":118,"name":"Heart Quiver","description":"Love makes the heart quiver, now your arrows can too!","category":"Bags","price":699,"value":28,"isLoot":false,"isPurchasable":true,"isUnique":false,"isDevOnly":false},{"id":"item_radioactive_broccoli","netID":119,"name":"Mega Broccoli","description":"A dangerous-looking vegetable. Probably shouldn't eat it, but...","category":"Consumables","price":399,"value":10,"isLoot":false,"isPurchasable":true,"isUnique":false,"isDevOnly":false},{"id":"item_randombox_mobloot_big","netID":58,"name":"Big Mob Loot Box","description":"Open it for a huge surprise!","category":"Hidden","price":2000,"value":32,"isLoot":false,"isPurchasable":true,"isUnique":false,"isDevOnly":false},{"id":"item_randombox_mobloot_medium","netID":59,"name":"Mob Loot Box","description":"Open it for a big surprise!","category":"Hidden","price":1200,"value":24,"isLoot":false,"isPurchasable":true,"isUnique":false,"isDevOnly":false},{"id":"item_randombox_mobloot_small","netID":60,"name":"Small Mob Loot Box","description":"Open it for a surprise!","category":"Hidden","price":800,"value":16,"isLoot":false,"isPurchasable":true,"isUnique":false,"isDevOnly":false},{"id":"item_randombox_mobloot_weapons","netID":92,"name":"Mob Weapons Loot Box","description":"A weapon box.","category":"Loot","price":2147483647,"value":40,"isLoot":true,"isPurchasable":false,"isUnique":false,"isDevOnly":false},{"id":"item_revolver","netID":68,"name":"Revolver","description":"6 shots, make them count.","category":"Weapons","price":4999,"value":267,"isLoot":false,"isPurchasable":true,"isUnique":false,"isDevOnly":false},{"id":"item_revolver_ammo","netID":86,"name":"Revolver Ammo","description":"Use to reload a revolver","category":"Ammo","price":999,"value":36,"isLoot":false,"isPurchasable":true,"isUnique":false,"isDevOnly":false},{"id":"item_rope","netID":112,"name":"Rope","description":"Use it as ammo for the zipline gun.","category":"Ammo","price":499,"value":12,"isLoot":false,"isPurchasable":true,"isUnique":false,"isDevOnly":false},{"id":"item_rpg","netID":84,"name":"RPG","description":"A single use tool of ultimate destruction.","category":"Weapons","price":9999,"value":339,"isLoot":false,"isPurchasable":true,"isUnique":false,"isDevOnly":false},{"id":"item_rpg_ammo","netID":85,"name":"RPG Rocket","description":"Use to reload an RPG after firing","category":"Ammo","price":999,"value":39,"isLoot":false,"isPurchasable":true,"isUnique":false,"isDevOnly":false},{"id":"item_rpg_cny","netID":110,"name":"Rocket Dragon RPG","description":"For ultimate destruction with style","category":"Weapons","price":9999,"value":339,"isLoot":false,"isPurchasable":true,"isUnique":false,"isDevOnly":false},{"id":"item_rubberducky","netID":36,"name":"Rubber Ducky","description":"He makes bath time so much fun!","category":"Toys","price":150,"value":32,"isLoot":true,"isPurchasable":false,"isUnique":false,"isDevOnly":false},{"id":"item_ruby","netID":37,"name":"Ruby","description":"It's not Nuts, but you can turn it in for some.","category":"Hidden","price":2147483647,"value":150,"isLoot":true,"isPurchasable":false,"isUnique":false,"isDevOnly":false},{"id":"item_saddle","netID":61,"name":"Saddle","description":"Mount your friends, joust monsters, or give that one guy who can't use his arms a lift.","category":"Gadgets","price":199,"value":6,"isLoot":false,"isPurchasable":true,"isUnique":false,"isDevOnly":false},{"id":"item_scanner","netID":18,"name":"Scanner","description":"Your personal monster radar...because sometimes, it\u2019s better to know when you\u2019re about to be eaten.","category":"Hidden","price":199,"value":15,"isLoot":false,"isPurchasable":true,"isUnique":false,"isDevOnly":false},{"id":"item_scissors","netID":132,"name":"Scissors","description":"Perfect for arts and crafts.","category":"Loot","price":999,"value":21,"isLoot":true,"isPurchasable":false,"isUnique":false,"isDevOnly":false},{"id":"item_shield","netID":77,"name":"Shield","description":"It protecc.","category":"Weapons","price":399,"value":28,"isLoot":false,"isPurchasable":true,"isUnique":false,"isDevOnly":false},{"id":"item_shield_bones","netID":109,"name":"Protective Bone Shield","description":"A shield made from your enemies bones.","category":"Weapons","price":399,"value":28,"isLoot":false,"isPurchasable":true,"isUnique":false,"isDevOnly":false},{"id":"item_shield_police","netID":123,"name":"Police Shield","description":"A shield for protecting you and your squad","category":"Weapons","price":399,"value":28,"isLoot":false,"isPurchasable":true,"isUnique":false,"isDevOnly":false},{"id":"item_shotgun","netID":19,"name":"Shotgun","description":"Shoot a spread of pellets dealing massive damage. ","category":"Weapons","price":12999,"value":382,"isLoot":false,"isPurchasable":true,"isUnique":false,"isDevOnly":false},{"id":"item_shotgun_ammo","netID":20,"name":"Shotgun Ammo","description":"Use to reload a shotgun","category":"Ammo","price":999,"value":33,"isLoot":false,"isPurchasable":true,"isUnique":false,"isDevOnly":false},{"id":"item_shredder","netID":135,"name":"Nut Shredder","description":"Shred your loot into nuts.","category":"Bags","price":499,"value":20,"isLoot":false,"isPurchasable":true,"isUnique":false,"isDevOnly":false},{"id":"item_shrinking_broccoli","netID":120,"name":"Micro Broccoli","description":"A dangerous-looking vegetable. Probably shouldn't eat it, but...","category":"Consumables","price":399,"value":10,"isLoot":false,"isPurchasable":true,"isUnique":false,"isDevOnly":false},{"id":"item_snowball","netID":91,"name":"Snowball","description":"A perfectly shaped snowball ready to be thrown.","category":"Weapons","price":2147483647,"value":0,"isLoot":false,"isPurchasable":false,"isUnique":false,"isDevOnly":false},{"id":"item_stapler","netID":133,"name":"Stapler","description":"A gorgeous red stapler","category":"Loot","price":999,"value":111,"isLoot":true,"isPurchasable":false,"isUnique":false,"isDevOnly":false},{"id":"item_stick_armbones","netID":107,"name":"Arm Bones (Stick)","description":"In case you need to defend your bones with more bones.","category":"Weapons","price":100,"value":0,"isLoot":false,"isPurchasable":true,"isUnique":false,"isDevOnly":false},{"id":"item_stick_bone","netID":106,"name":"Bone (Stick)","description":"Why use a tree stick when you can use a bone?","category":"Weapons","price":25,"value":0,"isLoot":false,"isPurchasable":true,"isUnique":false,"isDevOnly":false},{"id":"item_sticker_dispenser","netID":144,"name":"Sticker Dispenser","description":"Drop glowing stickers to mark your path and never lose your way.","category":"Gadgets","price":999,"value":47,"isLoot":false,"isPurchasable":true,"isUnique":false,"isDevOnly":false},{"id":"item_sticky_dynamite","netID":102,"name":"Sticky Dynamite","description":"Dunno what this dynamite got into.","category":"Explosives","price":499,"value":21,"isLoot":false,"isPurchasable":true,"isUnique":false,"isDevOnly":false},{"id":"item_stinky_cheese","netID":140,"name":"Stinky Cheese","description":"Stinky Swiss cheese. Stay as far away as possible.","category":"Consumables","price":499,"value":41,"isLoot":false,"isPurchasable":false,"isUnique":false,"isDevOnly":false},{"id":"item_tablet","netID":21,"name":"Tablet","description":"It\u2019s like a treasure map, but on a tiny screen.","category":"Gadgets","price":399,"value":15,"isLoot":false,"isPurchasable":true,"isUnique":false,"isDevOnly":false},{"id":"item_tapedispenser","netID":134,"name":"Tape Dispenser","description":"Perfect for arts and crafts.","category":"Loot","price":999,"value":31,"isLoot":true,"isPurchasable":false,"isUnique":false,"isDevOnly":false},{"id":"item_tele_grenade","netID":76,"name":"Tele Grenade","description":"Activate and throw to spatially transpose your body after a delay.","category":"Gadgets","price":299,"value":21,"isLoot":false,"isPurchasable":true,"isUnique":false,"isDevOnly":false},{"id":"item_theremin","netID":136,"name":"Theremin","description":"Make some music, or weird noises.","category":"Toys","price":999,"value":42,"isLoot":false,"isPurchasable":true,"isUnique":false,"isDevOnly":false},{"id":"item_timebomb","netID":141,"name":"Time Bomb","description":"A bomb that explodes after a certain amount of time.","category":"Loot","price":9999,"value":2025,"isLoot":true,"isPurchasable":false,"isUnique":false,"isDevOnly":false},{"id":"item_toilet_paper","netID":39,"name":"Toilet Paper","description":"Soft and in high demand. Turn it in for Nuts.","category":"Hidden","price":2147483647,"value":25,"isLoot":true,"isPurchasable":false,"isUnique":false,"isDevOnly":false},{"id":"item_toilet_paper_mega","netID":41,"name":"Mega Toilet Paper","description":"Extra fluffy, extra valuable. Turn it in for Nuts.","category":"Hidden","price":2147483647,"value":50,"isLoot":true,"isPurchasable":false,"isUnique":false,"isDevOnly":false},{"id":"item_toilet_paper_roll_empty","netID":40,"name":"Empty Toilet Paper Roll","description":"It has its uses. Turn it in for Nuts.","category":"Hidden","price":2147483647,"value":13,"isLoot":true,"isPurchasable":false,"isUnique":false,"isDevOnly":false},{"id":"item_treestick","netID":90,"name":"Tree Stick","description":"Nature's sword. Can be used as a weapon, but it seems like it will break any second...","category":"Weapons","price":0,"value":0,"isLoot":false,"isPurchasable":true,"isUnique":false,"isDevOnly":false},{"id":"item_tripwire_explosive","netID":22,"name":"Tripwire Explosive","description":"Attach to any surface to create a deadly trap.","category":"Explosives","price":499,"value":24,"isLoot":false,"isPurchasable":true,"isUnique":false,"isDevOnly":false},{"id":"item_trophy","netID":42,"name":"Trophy","description":"Everybody deserves one. Turn it in for Nuts.","category":"Hidden","price":2147483647,"value":111,"isLoot":true,"isPurchasable":false,"isUnique":false,"isDevOnly":false},{"id":"item_turkey_leg","netID":70,"name":"Turkey Leg","description":"A juicy leg from a turkey.","category":"Consumables","price":200,"value":9,"isLoot":true,"isPurchasable":false,"isUnique":false,"isDevOnly":false},{"id":"item_turkey_whole","netID":69,"name":"Turkey Whole","description":"A whole turkey. Big appetite required!","category":"Consumables","price":200,"value":14,"isLoot":true,"isPurchasable":false,"isUnique":false,"isDevOnly":false},{"id":"item_umbrella","netID":43,"name":"Umbrella","description":"Descend gracefully. Part parachute, part parasol, all fabulous.","category":"Gadgets","price":450,"value":50,"isLoot":true,"isPurchasable":true,"isUnique":false,"isDevOnly":false},{"id":"item_umbrella_clover","netID":139,"name":"Clover Umbrella","description":"Descend gracefully. Part parachute, part parasol, all fabulous.","category":"Gadgets","price":450,"value":50,"isLoot":false,"isPurchasable":true,"isUnique":false,"isDevOnly":false},{"id":"item_unidentified","netID":0,"name":"Unknown Item","description":"???","category":"Hidden","price":2147483647,"value":0,"isLoot":false,"isPurchasable":false,"isUnique":false,"isDevOnly":false},{"id":"item_upsidedown_loot","netID":53,"name":"Upsidedown Loot","description":"Turn this in for Nuts.","category":"Hidden","price":2147483647,"value":400,"isLoot":true,"isPurchasable":false,"isUnique":false,"isDevOnly":false},{"id":"item_uranium_chunk_l","netID":46,"name":"Large Uranium Chunk","description":"Radioactive metal. Turn this in for Nuts.","category":"Hidden","price":2147483647,"value":286,"isLoot":true,"isPurchasable":false,"isUnique":false,"isDevOnly":false},{"id":"item_uranium_chunk_m","netID":45,"name":"Uranium Chunk","description":"Radioactive metal. Turn this in for Nuts.","category":"Hidden","price":2147483647,"value":180,"isLoot":true,"isPurchasable":false,"isUnique":false,"isDevOnly":false},{"id":"item_uranium_chunk_s","netID":44,"name":"Small Uranium Chunk","description":"Radioactive metal. Turn this in for Nuts.","category":"Hidden","price":2147483647,"value":140,"isLoot":true,"isPurchasable":false,"isUnique":false,"isDevOnly":false},{"id":"item_whoopie","netID":47,"name":"Whoopie","description":"Pfffttt","category":"Toys","price":300,"value":45,"isLoot":true,"isPurchasable":true,"isUnique":false,"isDevOnly":false},{"id":"item_zipline_gun","netID":111,"name":"Zipline Gun","description":"Load it with rope and fire to instantly create a zipline between two points.","category":"Gadgets","price":1499,"value":22,"isLoot":false,"isPurchasable":true,"isUnique":false,"isDevOnly":false}]